citation_key,claim_id,relationship,evidence_type,source_type,method,geography,unit_of_analysis,sample_size,direct_result,page_or_section,supports,does_not_establish,strength,verification,doi,url,follow_up
almeida2011,planar-counts-conservative-when-vertical,supports,mechanism_evidence,independent_research,remote_sensing,Brazil,building|resident,,"Rio das Pedras had developed multistory favela structures.; The population model applied a height factor corresponding to a 30% increase over orthogonally projected residential area.; The resulting 3D estimate was 43,295 residents, close to a census-projected reference of 43,342.; The authors argue that population estimation must include the third dimension where multistory informal housing exists.",,The only Brazilian case in this group. A 30 percent uplift over orthogonally projected residential area brought the estimate within 47 people of a census-projected reference.,"IEEE Earthzine is not a conventional peer-reviewed journal. / The reference was the 2000 census projected to 2006 using a citywide growth rate, not independent field truth. / Classification and elevation models were not fully validated.",medium,verified_secondary,,https://earthzine.org/population-estimates-in-informal-settlements-using-object-based-image-analysis-and-3d-modeling/,"Published in IEEE Earthzine rather than a peer-reviewed journal. Verify the 43,295 estimate and the 30 percent height factor before citing."
angeles2009,official-enumeration-omits-areas,supports,method_validation|caution,peer_reviewed,field_survey,Bangladesh,settlement,,Government base maps frequently omitted recent development and sometimes omitted established areas.,,Government base maps omitted recent development and sometimes established areas.,"The 30% figure is the share of slum communities missed by image interpretation, not a modern building-footprint false-negative rate or population undercount.",high,verified_full_text,,https://pmc.ncbi.nlm.nih.gov/articles/PMC2701942/,"Locate the 30-percent imagery miss rate and the 9,048 figure on the page."
angeles2009,missing-footprints-push-estimates-down,qualifies,method_validation|caution,peer_reviewed,field_survey,Bangladesh,settlement,,"Imagery interpretation alone nevertheless missed approximately 30% of slums because of foliage, terrain, morphological variation, or recent development.",,"Important counterweight. Imagery interpretation alone missed about 30 percent of slums, so imagery has its own omissions and is not a ceiling on official counts.","The 30% figure is the share of slum communities missed by image interpretation, not a modern building-footprint false-negative rate or population undercount.",medium,verified_full_text,,https://pmc.ncbi.nlm.nih.gov/articles/PMC2701942/,"Locate the 30-percent imagery miss rate and the 9,048 figure on the page."
avis2016,official-enumeration-omits-areas,context_only,context,review,literature_review,,settlement,,"Governments withhold recognition of informal settlements, which keeps them out of official data collection",,Non-recognition is a distinct cause from operational difficulty. A settlement that is not acknowledged is not enumerated at all.,"It is a policy topic guide, not primary research, so it measures nothing. / It does not apply to the Argentine case as a mechanism. RENABAP recognises 6,467 settlements explicitly, so the undercount this project measures happens inside a registry that does acknowledge them.",low,verified_secondary,,https://gsdrc.org/topic-guides/urban-governance/key-policy-challenges/informal-settlements/,Locate the non-recognition passage in the GSDRC topic guide and record the section.
basso2022,net-accuracy-differs-from-complete-enumeration,context_only,caution,peer_reviewed,independent_analysis,Argentina,resident,,"Identifies problems of spelling, language filtering, and Spanish-mediated classification in census ethnic categories",,Classification error is a distinct failure from omission. Recorded so the two are not conflated when the Indigenous figures are discussed.,"It concerns classification of people the census reached, not omission of people it did not. / The bibliographic record is incomplete and the title is truncated. / It gives no quantity, so it cannot support any figure.",low,needs_follow_up,,https://publicar.cgantropologia.org.ar/index.php/revista/article/download/103/338,"The title is recorded from a truncated citation. Verify it, and locate the passages on spelling, language filtering, and Spanish-mediated classification."
battocchio2026,census-net-omission-small-but-nonzero,qualifies,method_validation,peer_reviewed,demographic_reconciliation,Argentina,resident,,Argentina's 2022 centenarian counts are broadly consistent with cohort and vaccination evidence,,"A narrow positive validation. It confirms one difficult age extreme and says nothing about the whole census, which is the honest weight to give it.","It validates a narrow and difficult age extreme, not the whole census. / Centenarian counts are a poor proxy for coverage in dense informal settlements, which is the population this project is about. / The method is a cohort and administrative cross-check, not a coverage measurement.",medium,verified_secondary,10.4054/DemRes.2026.55.11,,Locate the consistency result and the vaccination cross-check in the published article.
boo2022,footprints-contain-population-information,supports,method_validation,peer_reviewed,field_survey,Democratic Republic of the Congo,building|household|resident|grid_cell,"926 clusters, 79,126 responding households; 905 usable clusters",Complete household enumeration in 926 microcensus clusters across five provinces; Population totals modelled from population density and total satellite-derived footprint area; Out-of-sample population-total performance reached R-squared of 0.79 across 905 usable clusters,Results and Table 1; Results and Table 1; Results and Table 1,"The strongest method validation in the registry. Complete household enumeration as the reference, out-of-sample R-squared of 0.79, and calibrated credible intervals.",It does not equate footprint polygons with dwellings. / It depends on microcensus calibration and includes non-residential buildings. / Results from the Democratic Republic of the Congo cannot supply an Argentine dwelling-yield parameter directly.,high,verified_full_text,10.1038/s41467-022-29094-x,,
boo2022,missing-footprints-push-estimates-down,supports,method_validation,peer_reviewed,field_survey,Democratic Republic of the Congo,building|household|resident|grid_cell,,"Missing, outdated, or obscured footprints inflated modelled densities and contributed to population underprediction",discussion of footprint errors and building morphology,Establishes the direction of the dominant footprint error. Detection failure biases the population estimate low.,It does not equate footprint polygons with dwellings. / It depends on microcensus calibration and includes non-residential buildings. / Results from the Democratic Republic of the Congo cannot supply an Argentine dwelling-yield parameter directly.,high,verified_full_text,10.1038/s41467-022-29094-x,,
boo2022,footprint-not-one-household,qualifies,method_validation,peer_reviewed,field_survey,Democratic Republic of the Congo,building|household|resident|grid_cell,,Smaller average footprints were associated with higher population density,discussion of footprint errors and building morphology,"Smaller footprints at higher density is consistent with small overcrowded buildings, so footprint area and household count are not proportional.",It does not equate footprint polygons with dwellings. / It depends on microcensus calibration and includes non-residential buildings. / Results from the Democratic Republic of the Congo cannot supply an Argentine dwelling-yield parameter directly.,medium,verified_full_text,10.1038/s41467-022-29094-x,,
breuer2024,informal-population-underrepresentation,supports,direct_analogue|caution,peer_reviewed,modeled_population_product,India|Venezuela|Philippines|South Africa,settlement|resident,"eight cities, 80 literature estimates","WorldPop clipped to Earth-observation-mapped morphological slums compared against 80 literature estimates across eight cities and three continents; Dharavi modelled at 53,194 residents against a 350,000 comparison estimate; Petare modelled at 42,534 against roughly 600,000 to 1 million; Baseco modelled at 12,512 against 51,060; Cape Town models captured about 68 percent of comparison populations in townships but only about 24 percent in informal settlements",,Broadest geographic coverage in the registry for this claim. Strength is capped at medium because the comparison estimates come from heterogeneous literature rather than field enumeration.,"WorldPop is census-derived, so the discrepancy combines census-input limitations, modelled-boundary error, and allocation-model failure. It does not isolate census undercount. / The literature comparison figures differ considerably in quality and date. / Do not repeat the paper's statement that censuses themselves underestimate slum populations by about 46 percent as though thomson2021 established it. Thomson evaluated gridded products, not census enumeration. / The Bangladesh 7.5 times example concerns differing slum definitions and thresholds, not proof that seven-eighths of residents were omitted.",medium,verified_full_text,10.1016/j.habitatint.2024.103056,,"No page locators recorded. Locate the Dharavi, Petare, Baseco, and Cape Town figures in the published article."
breuer2024,national-total-conceals-geographic-error,supports,direct_analogue|caution,peer_reviewed,modeled_population_product,India|Venezuela|Philippines|South Africa,settlement|resident,,Cape Town models captured about 68 percent of comparison populations in townships but only about 24 percent in informal settlements,,The township versus informal-settlement split inside one city shows the error is not uniform across low-income settlement types.,"WorldPop is census-derived, so the discrepancy combines census-input limitations, modelled-boundary error, and allocation-model failure. It does not isolate census undercount. / The literature comparison figures differ considerably in quality and date. / Do not repeat the paper's statement that censuses themselves underestimate slum populations by about 46 percent as though thomson2021 established it. Thomson evaluated gridded products, not census enumeration. / The Bangladesh 7.5 times example concerns differing slum definitions and thresholds, not proof that seven-eighths of residents were omitted.",medium,verified_full_text,10.1016/j.habitatint.2024.103056,,"No page locators recorded. Locate the Dharavi, Petare, Baseco, and Cape Town figures in the published article."
caes2010,no-independent-pes-limits-verification,supports,caution,independent_research,independent_analysis,Argentina,national,,"A five-university oversight council reported limited external consultation, a narrowly located pilot, weak experimental-census documentation, and no apparent plan for a post-census coverage survey",pp. 98-103,"The absence of a post-enumeration survey was foreseen and documented before the 2010 count, not discovered afterwards. That makes it a design choice rather than an accident.","It predates the final count, so it cannot prove the total was biased. / It evaluates quality-assurance design rather than measuring coverage. / It concerns 2010 and does not describe the 2022 operation.",high,verified_secondary,,https://unr.edu.ar/wp-content/uploads/2023/10/2010-Informe-CAES.pdf,
caes2010,official-enumeration-omits-areas,context_only,caution,independent_research,independent_analysis,Argentina,national,,"A five-university oversight council reported limited external consultation, a narrowly located pilot, weak experimental-census documentation, and no apparent plan for a post-census coverage survey",pp. 98-103,"Quality-assurance weaknesses in consultation, piloting, and documentation are the conditions under which coverage problems go undetected.","It predates the final count, so it cannot prove the total was biased. / It evaluates quality-assurance design rather than measuring coverage. / It concerns 2010 and does not describe the 2022 operation.",medium,verified_secondary,,https://unr.edu.ar/wp-content/uploads/2023/10/2010-Informe-CAES.pdf,
carrhill2013,informal-population-underrepresentation,context_only,context,peer_reviewed,literature_review,,resident|household,,"Argues that household-survey frames, and in some settings censuses, systematically exclude mobile, homeless, institutionalized, conflict-affected, and other difficult-to-reach groups.; Includes informal-settlement residents among populations at elevated risk of exclusion.",,Establishes the general exclusion problem. It does not measure informal-settlement undercount specifically.,"The slum component relies on assumed undercount scenarios of roughly one in ten or one in five, described as approximate and probably conservative. / It provides no footprint validation and no Argentine estimate.",medium,verified_full_text,10.1016/j.worlddev.2012.12.017,,Locate the 250 million figure and the informal-settlement passage on the page.
carrhill2013,official-enumeration-omits-areas,supports,context,peer_reviewed,literature_review,,resident|household,,"Argues that household-survey frames, and in some settings censuses, systematically exclude mobile, homeless, institutionalized, conflict-affected, and other difficult-to-reach groups.",,,"The slum component relies on assumed undercount scenarios of roughly one in ten or one in five, described as approximate and probably conservative. / It provides no footprint validation and no Argentine estimate.",low,verified_full_text,10.1016/j.worlddev.2012.12.017,,Locate the 250 million figure and the informal-settlement passage on the page.
censo2024presspaises,census-net-omission-small-but-nonzero,context_only,context,primary_official,official_documentation,Argentina,resident,,"Press release reporting Paraguay, Bolivia, and Venezuela as the largest immigrant origins in the 2022 census",,Recorded because the literature review cites it alongside the RENAPER comparison. It carries composition rather than coverage.,A press release carries no method and no locator. Use the migration publication for any figure. / Composition by origin country says nothing about coverage of the foreign-born population.,low,verified_secondary,,https://censo.gob.ar/index.php/paraguay-bolivia-y-venezuela-son-los-paises-con-mayor-representacion-inmigrante-en-la-argentina,Cite the migration publication rather than the press release for any figure.
chamberlain2024,no-single-provider-complete,supports,caution|method_validation,peer_reviewed,remote_sensing,,building|jurisdiction,,"Across 879 first-level administrative units, mean footprint counts were approximately 556,615 for Ecopia, 534,676 for Google, 241,978 for Microsoft, and 110,616 for OSM.; Google and Ecopia generally had the highest counts and strongest spatial similarity.; Microsoft showed visible missing-imagery tiles and major-city gaps in some countries.; OSM was geographically widespread but had the lowest footprint counts and areas.; The authors conclude there is no universally best or interchangeable product.",Results pp. 11–12 and Figure 1; discussion pp. 21–23; Results pp. 11–12 and Figure 1; discussion pp. 21–23; Results pp. 11–12 and Figure 1; discussion pp. 21–23; Results pp. 11–12 and Figure 1; discussion pp. 21–23; Results pp. 11–12 and Figure 1; discussion pp. 21–23,"Across 879 administrative units the mean counts run from about 556,615 for Ecopia to 110,616 for OSM. The authors conclude no product is universally best or interchangeable.",Agreement between Google and Ecopia does not prove either is complete. / The analysis lacks authoritative ground truth and covers Africa rather than Argentina. / Image acquisition dates differ.,high,verified_full_text,10.1016/j.compenvurbsys.2024.102104,,Locate the mean footprint counts in the results tables.
checchi2013,footprint-not-one-household,supports,mechanism_evidence|method_validation,peer_reviewed,remote_sensing,Haiti|Mozambique,building|dwelling|resident,two neighbourhoods,Field teams counted 1.9 to 2.2 shelters per structure identified from imagery in two dense Port-au-Prince neighbourhoods; Analyst-derived population estimates ran 46 to 48 percent below the census in those neighbourhoods,,"In dense low-rise settlements a mapped structure held about two shelters. This is the clearest case for a dwelling yield above one in horizontal morphology, where verticality cannot be the explanation.","The Port-au-Prince sites are post-earthquake displacement settings, so the shelter density is not a stable residential morphology. / It does not supply an Argentine footprint-to-dwelling ratio. Bairro Esturro is the only ordinary low-rise neighbourhood in the study. / The residential-share figures are analyst judgements from imagery, not field verification of use.",high,verified_secondary,10.1186/1476-072X-12-4,,"All findings are recorded from the manuscript rather than the source. Locate the Port-au-Prince ratios, the residential-share range, and the Bairro Esturro figures in the original article."
checchi2013,missing-footprints-push-estimates-down,qualifies,mechanism_evidence|method_validation,peer_reviewed,remote_sensing,Haiti|Mozambique,building|dwelling|resident,eleven sites,Analysts judged 77 to 100 percent of structures residential across eleven camp and urban sites; In Bairro Esturro 84 to 87 percent were residential and the imagery count reached 84 percent of a field estimate,,"Cuts the other way. If 13 to 16 percent of mapped structures in an ordinary low-rise neighbourhood are not residential, some footprints are not dwellings. This anchors the 0.85 dwelling-yield scenario.","The Port-au-Prince sites are post-earthquake displacement settings, so the shelter density is not a stable residential morphology. / It does not supply an Argentine footprint-to-dwelling ratio. Bairro Esturro is the only ordinary low-rise neighbourhood in the study. / The residential-share figures are analyst judgements from imagery, not field verification of use.",medium,verified_secondary,10.1186/1476-072X-12-4,,"All findings are recorded from the manuscript rather than the source. Locate the Port-au-Prince ratios, the residential-share range, and the Bairro Esturro figures in the original article."
clarin2022villas,renabap-indec-not-independent,supports,mechanism_evidence|caution,journalism,journalism,Argentina,household|settlement,,"Census enumeration in the city's villas was assigned to the Ministerio de Desarrollo Humano y Hábitat; The operation was coordinated through barrio referentes, delegates, recognized residents, and social organizations",6 May 2022 article; 6 May 2022 article,"The other half of the claim, and the only direct evidence for it. The CABA census operation used the same categories of territorial intermediary that sisu2023 shows RENABAP using formally. Strength is capped at medium because the source is a contemporary news report with an unconfirmed byline and no stable URL.","It reports CABA only. No nationwide documentation of the same operational arrangement has been located, so the arrangement cannot be assumed for other provinces. / It does not show that INDEC copied RENABAP's published family totals, nor that the two used the same questionnaire or database. / Operational overlap alone does not prove a national population undercount of roughly three million people. / It is journalism, so it carries a single official's account of the operation rather than an audited description of it.",medium,verified_secondary,,https://www.clarin.com/ciudades/censo-2022-relevara-poblacion-villas-asentamientos-ciudad_0_Z3OMMd3cPq.html,"Recover a stable archived URL. The article URL now redirects to the Clarín homepage. Confirm the author rather than retaining the provisional ""Gómez, 2022"" shorthand; the saved record does not preserve enough metadata to support that byline."
clarin2022villas,census-net-omission-small-but-nonzero,qualifies,mechanism_evidence|caution,journalism,journalism,Argentina,household|settlement,,Preparatory population projections began with the 2010 Census and were updated with subsequent local information,6 May 2022 article,"Preparatory estimates for the villas were anchored to the 2010 census baseline. In a settlement type that grew over the intervening twelve years, a stale prior biases the operational target downward.","It reports CABA only. No nationwide documentation of the same operational arrangement has been located, so the arrangement cannot be assumed for other provinces. / It does not show that INDEC copied RENABAP's published family totals, nor that the two used the same questionnaire or database. / Operational overlap alone does not prove a national population undercount of roughly three million people. / It is journalism, so it carries a single official's account of the operation rather than an audited description of it.",medium,verified_secondary,,https://www.clarin.com/ciudades/censo-2022-relevara-poblacion-villas-asentamientos-ciudad_0_Z3OMMd3cPq.html,"Recover a stable archived URL. The article URL now redirects to the Clarín homepage. Confirm the author rather than retaining the provisional ""Gómez, 2022"" shorthand; the saved record does not preserve enough metadata to support that byline."
darin2022,official-enumeration-omits-areas,supports,method_precedent,peer_reviewed,demographic_reconciliation,Burkina Faso,census_area|grid_cell,,Burkina Faso’s 2019 census could not fully enumerate areas affected by insecurity.,,Burkina Faso's 2019 census could not fully enumerate areas affected by insecurity.,"The omission mechanism was armed-conflict inaccessibility, not informal-urban enumeration. / It does not validate one footprint per dwelling.",medium,verified_secondary,10.3917/popu.2203.0467,,Verify the full author list and locate the hierarchical Bayesian method description on the page.
darin2022,footprints-contain-population-information,method_validates,method_precedent,peer_reviewed,demographic_reconciliation,Burkina Faso,census_area|grid_cell,,Partial enumeration and satellite-derived settlement/building data were incorporated into hierarchical Bayesian estimation and 100 m population grids.,,Partial enumeration plus satellite-derived settlement and building data feeding hierarchical Bayesian estimation and 100 metre population grids.,"The omission mechanism was armed-conflict inaccessibility, not informal-urban enumeration. / It does not validate one footprint per dwelling.",medium,verified_secondary,10.3917/popu.2203.0467,,Verify the full author list and locate the hierarchical Bayesian method description on the page.
degrande2024,net-accuracy-differs-from-complete-enumeration,supports,mechanism_evidence,peer_reviewed,independent_analysis,Argentina,resident|dwelling|census_area,,"Conservative record-sequence analysis finds at least 312,000 people who appear to be replicas of others; INDEC's own later review reportedly identified roughly 400,000 unexplained replications",,"The Argentine instance of the offsetting problem. At least 312,000 duplicated people inflate the total while leaving omissions in place, so the net figure understates both errors.","It analyses 2010, not 2022, so it establishes the mechanism rather than a 2022 duplication rate. / Record-sequence replication is an inference from data structure, not a confirmed enumeration error. / The roughly 400,000 figure attributed to INDEC's own review is reported rather than published.",high,verified_secondary,10.18356/16810333-50-117-6,https://repositorio.cepal.org/server/api/core/bitstreams/90900126-0155-453f-97f8-8ab5e1c8ed01/content,"Locate the record-sequence method and the 312,000 figure in the published article."
degrande2024,reconciliation-does-not-repair-small-area-geography,supports,mechanism_evidence,peer_reviewed,independent_analysis,Argentina,resident|dwelling|census_area,,Some census radios contained extraordinarily high shares of non-original records,,"Radios with extraordinarily high shares of non-original records are wrong at the scale the project works at, and no national reconciliation touches them.","It analyses 2010, not 2022, so it establishes the mechanism rather than a 2022 duplication rate. / Record-sequence replication is an inference from data structure, not a confirmed enumeration error. / The roughly 400,000 figure attributed to INDEC's own review is reported rather than published.",high,verified_secondary,10.18356/16810333-50-117-6,https://repositorio.cepal.org/server/api/core/bitstreams/90900126-0155-453f-97f8-8ab5e1c8ed01/content,"Locate the record-sequence method and the 312,000 figure in the published article."
delamota2015,no-independent-pes-limits-verification,supports,caution,independent_research,independent_analysis,Argentina,resident|national,,A 2001 post-enumeration survey was conducted but never published,pp. 6-7,"The most consequential finding in the census-accuracy literature. A survey capable of testing the 2.75 percent figure exists and was withheld, so 2.75 percent cannot be checked against the one measurement designed to check it.","It reports the existence and direction of unpublished results. The design and the results themselves cannot be independently audited. / The survey reportedly focused on large urban agglomerations, so its national representativeness is unclear. / It does not establish that 2.75 percent is wrong, only that confidence in it is lower than the published method implies.",high,verified_secondary,,https://www.aacademica.org/xiiijornadasaepa/38.pdf,Confirm the reported post-enumeration survey values on pp. 6-7 and record whether de la Mota gives a figure or only a direction.
farias2020,official-enumeration-omits-areas,context_only,context,peer_reviewed,independent_analysis,Argentina,resident|settlement,,"Documents the Censo Popular, a community enumeration in Buenos Aires",,Community enumeration exists in Buenos Aires and produces different counts from the official operation. Recorded as context; no figure has been extracted yet.,"No figure has been extracted, so it supports no quantity. / A community count is not a coverage measurement, and the literature review states that advocacy counts were not used to set omission rates. / The bibliographic record has not been verified against the published article.",low,needs_follow_up,,https://www.scielo.org.co/scielo.php?pid=S0120-159X2020000200215&script=sci_arttext,Locate the account of the Censo Popular and record what it found relative to official counts.
galeon2008,footprints-contain-population-information,supports,method_validation|mechanism_evidence,peer_reviewed,remote_sensing,Philippines,building|roof|resident,,"QuickBird mapping achieved 95% identification accuracy against stratified field validation.; Researchers collected 160 building-level field samples covering roof area, resident count, settlement type, and whether structures were single- or multilevel.; In a small seven-building validation cluster, one model predicted 71 residents versus 70 observed.",Abstract; §§5.4 and 6.1–6.2; Abstract; §§5.4 and 6.1–6.2; Abstract; §§5.4 and 6.1–6.2,"95 percent identification accuracy against stratified field validation, with 160 building-level field samples.","This is one Philippine setting with small validation samples. / It models residents, not households. / The prevalence of multilevel buildings should not be transferred to Argentina.",medium,verified_full_text,,https://www.isprs.org/proceedings/xxxvii/congress/4_pdf/242.pdf,
galeon2008,planar-counts-conservative-when-vertical,supports,method_validation|mechanism_evidence,peer_reviewed,remote_sensing,Philippines,building|roof|resident,,Multilevel structures contained many residents despite small visible roof areas and substantially weakened the planar roof-area/population relationship.; The authors excluded multilevel houses before fitting final equations.,Abstract; §§5.4 and 6.1–6.2; Abstract; §§5.4 and 6.1–6.2,"Multilevel structures held many residents behind small roof areas, and the authors had to exclude them before fitting final equations.","This is one Philippine setting with small validation samples. / It models residents, not households. / The prevalence of multilevel buildings should not be transferred to Argentina.",high,verified_full_text,,https://www.isprs.org/proceedings/xxxvii/congress/4_pdf/242.pdf,
gevaert2024,missing-footprints-push-estimates-down,supports,method_validation|caution,peer_reviewed,remote_sensing,Tanzania|Philippines,building,,"Manually digitized reference buildings in 100 stratified 250 m tiles in Tanzania and 106 in the Philippines.; Across tested products, false-negative rates using an IoU ≥ 0.5 criterion ranged from 0.55 to 0.85 in Tanzania and 0.70 to 0.83 in the Philippines.",Methods pp. 12583–12584; Table II; discussion pp. 12587–12588; Methods pp. 12583–12584; Table II; discussion pp. 12587–12588,False-negative rates of 0.55 to 0.85 in Tanzania and 0.70 to 0.83 in the Philippines against manually digitised reference tiles.,"The false-negative rate includes geometry mismatches at the IoU threshold, not only buildings missing entirely. / Samples exclude some low-building and low-provider-coverage areas. / No households or residents were observed. / Results cover two countries, not Argentina.",high,verified_full_text,10.1109/JSTARS.2024.3422503,,
gevaert2024,no-single-provider-complete,supports,method_validation|caution,peer_reviewed,remote_sensing,Tanzania|Philippines,building,,OSM ranged from high-quality targeted coverage to no buildings at all in some rural tiles.; Google sometimes counted more buildings than the manual reference because the reference generalized adjacent buildings into one polygon while Google separated the structures.,Methods pp. 12583–12584; Table II; discussion pp. 12587–12588; Methods pp. 12583–12584; Table II; discussion pp. 12587–12588,OSM ranged from targeted high quality to no buildings at all. Google sometimes exceeded the reference because the reference generalised adjacent buildings into one polygon.,"The false-negative rate includes geometry mismatches at the IoU threshold, not only buildings missing entirely. / Samples exclude some low-building and low-provider-coverage areas. / No households or residents were observed. / Results cover two countries, not Argentina.",high,verified_full_text,10.1109/JSTARS.2024.3422503,,
gonzalez2013,census-net-omission-small-but-nonzero,qualifies,direct_analogue,peer_reviewed,demographic_reconciliation,Argentina,resident|national,,"Independent projection put the 2010 gap at 2.44 percent, about 1,000,778 people",,"An independent estimate above INDEC's own 1.99 percent. Labelled by method: it is a projection, not a coverage measurement, and it shares inputs with the official figure.","It is an indirect demographic projection, not a dual-system or post-enumeration estimate. / It shares the adjusted 2001 base and vital statistics with the official estimate, so it is not fully independent of it. / The published record is a conference paper and the title in the bib entry is truncated.",medium,verified_secondary,,https://www.aacademica.org/xiijornadasaepa/26,"Locate the 2.44 percent estimate and the 1,000,778 figure in the proceedings. The title is recorded from a truncated citation."
gonzalez2013,no-independent-pes-limits-verification,supports,direct_analogue,peer_reviewed,demographic_reconciliation,Argentina,resident|national,,"Independent projection put the 2010 gap at 2.44 percent, about 1,000,778 people",,"Independence here is partial. The projection inherits the adjusted 2001 base, births, deaths, and uncertain migration, so agreement with INDEC is informative rather than independent.","It is an indirect demographic projection, not a dual-system or post-enumeration estimate. / It shares the adjusted 2001 base and vital statistics with the official estimate, so it is not fully independent of it. / The published record is a conference paper and the title in the bib entry is truncated.",medium,verified_secondary,,https://www.aacademica.org/xiijornadasaepa/26,"Locate the 2.44 percent estimate and the 1,000,778 figure in the proceedings. The title is recorded from a truncated citation."
gunter2009,imagery-reveals-more-dwellings,supports,direct_analogue,peer_reviewed,remote_sensing,South Africa,dwelling,,"Kuffer et al. report that image mapping identified approximately 10,000 more dwellings in one Johannesburg settlement than government estimates recorded.",,"Reported second-hand. Do not cite the 10,000 figure until the original is read.",The government comparator and its collection method have not yet been checked in the original paper. / Kuffer et al. warn that part of the discrepancy could reflect different definitions of “slum dwelling.”,low,needs_follow_up,10.1109/IGARSS.2009.5417784,,"Retrieve and inspect the original IGARSS paper. The finding is currently second-hand through kuffer2016. Obtain the original four-page paper. Record the settlement name, government estimate, image-derived estimate, imagery date, and dwelling definition. Until then, write “Kuffer et al. report that Gunter found…” rather than citing the number as directly verified."
herfort2023,no-single-provider-complete,supports,caution,peer_reviewed,remote_sensing,,building|grid_cell,,"Assesses 13,189 urban centers.; Only 1,848 exceeded 80% estimated building completeness.; 9,163 urban centers—69% of the sample, containing 48% of the studied urban population—had less than 20% estimated completeness.; Mean estimated completeness for Latin America and the Caribbean was approximately 20%.; Within cities, entire neighborhoods could be absent even where adjacent neighborhoods were relatively complete.",,"69 percent of 13,189 urban centres fall below 20 percent estimated OSM building completeness. The Latin America and Caribbean mean is about 20 percent, which bears directly on the Argentine case.",Completeness is model-estimated rather than established through a worldwide field census. / Microsoft-derived reference/training data can introduce bias. / The paper does not examine household occupancy or census population.,high,verified_full_text,10.1038/s41467-023-39698-6,,"Locate the completeness figures, particularly the Latin America and Caribbean mean, on the page."
ibge2023censosummary,imputation-is-not-enumeration,supports,direct_analogue,official_documentation,direct_enumeration,Brazil,resident,,"Published final census population of 203,080,756; About 195.1 million people were directly enumerated; About 8.0 million of the published total came from imputation for occupied households without completed interviews",,"The cleanest available demonstration. A published census total of 203.1 million rests on 195.1 million people actually reached, with roughly 8 million assigned statistically.","It reports Brazilian totals and establishes nothing about Argentina. / Imputation is not an error. It is a documented procedure, and the point is that it is not equivalent to reaching residents. / The figures are recorded second-hand from the working notes rather than from the IBGE passages themselves.",high,verified_secondary,,https://educa.ibge.gov.br/jovens/conheca-o-brasil/populacao/22005-censo-2022-o-retrato-atualizado-do-brasil.html,Capture the IBGE passages stating 195.1 million directly enumerated residents and roughly 8 million imputed residents.
ibge2023censosummary,latin-american-omission-range-includes-six-percent,qualifies,direct_analogue,official_documentation,direct_enumeration,Brazil,resident,,"Published final census population of 203,080,756; About 195.1 million people were directly enumerated",,"Labelled by method: these are enumeration and imputation totals, not a measured omission rate. The omission figure comes from ibge2024ppe.","It reports Brazilian totals and establishes nothing about Argentina. / Imputation is not an error. It is a documented procedure, and the point is that it is not equivalent to reaching residents. / The figures are recorded second-hand from the working notes rather than from the IBGE passages themselves.",medium,verified_secondary,,https://educa.ibge.gov.br/jovens/conheca-o-brasil/populacao/22005-censo-2022-o-retrato-atualizado-do-brasil.html,Capture the IBGE passages stating 195.1 million directly enumerated residents and roughly 8 million imputed residents.
ibge2024,footprints-contain-population-information,qualifies,method_validation|context,primary_official,direct_enumeration,Brazil,dwelling,6.56 million dwellings,84.8 percent of 6.56 million dwellings enumerated in favelas and urban communities were occupied permanent private dwellings; 12.2 percent were vacant and 2.8 percent in occasional use,,The closest large Latin American benchmark for occupancy of informal-settlement housing. It puts a floor under the dwelling-yield range near 0.85 and shows that vacancy alone can consume the whole 15 percent margin below one.,"The figure benchmarks dwellings the census already identified. It says nothing about dwellings the census missed, which is the quantity Barrios Visibles measures. / Brazilian favela occupancy does not transfer directly to Argentine barrios populares. / It does not separate vacancy from non-residential use or detection error, so it cannot justify the 0.7 or 0.6 scenarios on its own.",high,verified_secondary,,https://biblioteca.ibge.gov.br/visualizacao/livros/liv102134.pdf,Locate the occupancy breakdown in the universe results tables and record the table number.
ibge2024ppe,latin-american-omission-range-includes-six-percent,supports,direct_analogue,primary_official,post_enumeration_survey,Brazil,resident|household,,Person omission of 12.2 percent measured by post-enumeration survey,,"Direct coverage measurement, not a disagreement with projections. The proportional omission is substantially larger than a three-million-person discrepancy against Argentina's 2022 population, which is the strongest available answer to the claim that a roughly 6 percent Argentine gap is intrinsically impossible.","It measures Brazilian coverage. It does not show that INDEC committed the same error. / The figures are recorded from the landing page and secondary reporting, so the denominators behind each percentage are not yet verified. / A post-enumeration survey measures coverage of the census as fielded. It does not attribute the omission to any particular settlement type without the subgroup tables.",high,verified_secondary,,https://www.ibge.gov.br/estatisticas/sociais/saude/40418-pesquisa-de-pos-enumeracao-do-censo-demografico-2022.html,Retrieve the final technical tables and the exact definitions of the denominators used for gross omission and net coverage error. The landing page alone is not enough to quote from.
ibge2024ppe,net-accuracy-differs-from-complete-enumeration,supports,direct_analogue,primary_official,post_enumeration_survey,Brazil,resident|household,,Person omission of 12.2 percent measured by post-enumeration survey,,"One survey reports gross omission, erroneous inclusion, and net coverage error as three separate quantities. 12.2 percent omission against 8.3 percent net error is the distinction in a single number set.","It measures Brazilian coverage. It does not show that INDEC committed the same error. / The figures are recorded from the landing page and secondary reporting, so the denominators behind each percentage are not yet verified. / A post-enumeration survey measures coverage of the census as fielded. It does not attribute the omission to any particular settlement type without the subgroup tables.",high,verified_secondary,,https://www.ibge.gov.br/estatisticas/sociais/saude/40418-pesquisa-de-pos-enumeracao-do-censo-demografico-2022.html,Retrieve the final technical tables and the exact definitions of the denominators used for gross omission and net coverage error. The landing page alone is not enough to quote from.
ibge2024ppe,footprint-not-one-household,supports,direct_analogue,primary_official,post_enumeration_survey,Brazil,resident|household,,Access problems in favelas include multiple dwellings on one plot where only the front dwelling is discovered,,The documented access failure is the mechanism: only the front dwelling on a plot gets found.,"It measures Brazilian coverage. It does not show that INDEC committed the same error. / The figures are recorded from the landing page and secondary reporting, so the denominators behind each percentage are not yet verified. / A post-enumeration survey measures coverage of the census as fielded. It does not attribute the omission to any particular settlement type without the subgroup tables.",medium,verified_secondary,,https://www.ibge.gov.br/estatisticas/sociais/saude/40418-pesquisa-de-pos-enumeracao-do-censo-demografico-2022.html,Retrieve the final technical tables and the exact definitions of the denominators used for gross omission and net coverage error. The landing page alone is not enough to quote from.
ibge2024projmetodo,reconciliation-does-not-repair-small-area-geography,supports,mechanism_evidence,official_documentation,demographic_reconciliation,Brazil,national|jurisdiction,,"Revised estimate for 1 July 2022 of 210,862,983, which is 7,782,227 above the published census total; The 2024 revision incorporates the 2022 Census, post-enumeration survey data, and demographic reconciliation for the 27 states",,"Brazil produced a revised national baseline of 210.9 million using the census, the post-enumeration survey, and reconciliation, and left the published census tables intact. The later national estimate does not repair the original small-area geography.","It does not rewrite or correct the published census tables, which is the point rather than a limitation. / It is a methodology presentation rather than a full technical report. / An earlier working answer wrongly claimed the 210.9 million projection excluded the post-enumeration survey. This source states the opposite, and the corrected formulation is that Brazil used the census, post-enumeration evidence, and reconciliation to revise the projection while leaving the census geography alone.",high,verified_secondary,,https://agenciadenoticias.ibge.gov.br/media/com_mediaibge/arquivos/9c05a15727b2454a8640369bf9c93c57.pdf,Preserve the projection methodology statement showing that the revision includes the post-enumeration survey.
ibge2024projmetodo,net-accuracy-differs-from-complete-enumeration,supports,mechanism_evidence,official_documentation,demographic_reconciliation,Brazil,national|jurisdiction,,"Revised estimate for 1 July 2022 of 210,862,983, which is 7,782,227 above the published census total",,"Three legitimate population quantities coexist: people reached, the published total after imputation, and a later demographic estimate.","It does not rewrite or correct the published census tables, which is the point rather than a limitation. / It is a methodology presentation rather than a full technical report. / An earlier working answer wrongly claimed the 210.9 million projection excluded the post-enumeration survey. This source states the opposite, and the corrected formulation is that Brazil used the census, post-enumeration evidence, and reconciliation to revise the projection while leaving the census geography alone.",high,verified_secondary,,https://agenciadenoticias.ibge.gov.br/media/com_mediaibge/arquivos/9c05a15727b2454a8640369bf9c93c57.pdf,Preserve the projection methodology statement showing that the revision includes the post-enumeration survey.
idecba2026,local-processing-loss-documented,supports,direct_analogue,primary_official,direct_enumeration,Argentina,dwelling|resident|census_area,,"INDEC F2 operational sheets recorded 4,906 visited dwellings and 23,213 people; Published Redatam data for the same radios show 1,118 dwellings and 3,640 people; The difference is 3,788 dwellings and 19,573 people; IDECBA describes the difference as subenumeracion u omision censal",,"The strongest Argentine evidence in the registry, and it needs no footprints. People present in INDEC's own field-summary records are absent from the published small-area data, so the loss falls between field collection and publication.","The figures concern the villa-sector radios analysed in the annex, not necessarily every housing complex included in broader definitions of Barrio Padre Ricciardelli. / It documents one barrio. It does not establish a national omission rate or that the same loss occurred elsewhere. / It compares operational sheets with published results. It does not explain which processing step lost the records.",high,verified_secondary,,https://www.estadisticaciudad.gob.ar/eyc/wp-content/uploads/2026/01/Los_barrios_populares_BaPls_2002_2022_parte_01.pdf,"Extract the complete Annex II tables and the geographic definitions. Resolve the geographic-unit differences between IDECBA's 3,640, Tejido Urbano's 6,868, and broader Padre Ricciardelli totals that include housing complexes."
idecba2026,net-accuracy-differs-from-complete-enumeration,supports,direct_analogue,primary_official,direct_enumeration,Argentina,dwelling|resident|census_area,,"The difference is 3,788 dwellings and 19,573 people",,"19,573 people in one barrio is devastating locally and about 0.04 percent of the national total, which is why a close national figure cannot vouch for small-area data.","The figures concern the villa-sector radios analysed in the annex, not necessarily every housing complex included in broader definitions of Barrio Padre Ricciardelli. / It documents one barrio. It does not establish a national omission rate or that the same loss occurred elsewhere. / It compares operational sheets with published results. It does not explain which processing step lost the records.",high,verified_secondary,,https://www.estadisticaciudad.gob.ar/eyc/wp-content/uploads/2026/01/Los_barrios_populares_BaPls_2002_2022_parte_01.pdf,"Extract the complete Annex II tables and the geographic definitions. Resolve the geographic-unit differences between IDECBA's 3,640, Tejido Urbano's 6,868, and broader Padre Ricciardelli totals that include housing complexes."
indec2005ad32,census-net-omission-small-but-nonzero,supports,direct_analogue,primary_official,demographic_reconciliation,Argentina,resident|national,,"Published 2001 count of 36,260,130 raised to 36,944,597 by targeted operational reconstruction; INDEC-CELADE reconciliation produced 37,282,970, or 2.75 percent omission; Of the 2.75 percent, 1.90 points came from operational evidence and 0.85 points were a residual demographic adjustment",pp. 4-9; pp. 16-18; pp. 16-18,"The official 2001 figure, and the only Argentine round where operational field evidence carries most of the adjustment rather than a demographic residual.","It is a reconciliation, not a post-enumeration survey, so it estimates a total rather than measuring coverage person by person. / The 0.85 percentage-point residual was allocated proportionally because INDEC lacked evidence for differential allocation. The national adjustment is more defensible than the resulting local corrections. / Low rural adjustment reflects the method not being applied there, not high rural completeness.",high,verified_secondary,,https://redatam.indec.gob.ar/redarg/censos/CPV2001ARG/DOCS/Metodologicos/Estudio%20de%20Cobertura%20del%20Censo%202001.pdf,Read the operational and demographic components off pp. 4-9 and 16-18 and confirm the 1.90 and 0.85 percentage-point split.
indec2005ad32,official-enumeration-omits-areas,supports,direct_analogue,primary_official,demographic_reconciliation,Argentina,resident|national,,The operational method was geographically differentiated and found the largest difficulties in major urban centres; The targeted dwelling method was not applied in rural areas because the rural frame had not been updated,pp. 4-9; pp. 4-9,INDEC's own method found the largest difficulties in major urban centres and skipped rural areas for want of an updated frame.,"It is a reconciliation, not a post-enumeration survey, so it estimates a total rather than measuring coverage person by person. / The 0.85 percentage-point residual was allocated proportionally because INDEC lacked evidence for differential allocation. The national adjustment is more defensible than the resulting local corrections. / Low rural adjustment reflects the method not being applied there, not high rural completeness.",medium,verified_secondary,,https://redatam.indec.gob.ar/redarg/censos/CPV2001ARG/DOCS/Metodologicos/Estudio%20de%20Cobertura%20del%20Censo%202001.pdf,Read the operational and demographic components off pp. 4-9 and 16-18 and confirm the 1.90 and 0.85 percentage-point split.
indec2013ad35,census-net-omission-small-but-nonzero,supports,direct_analogue,primary_official,demographic_reconciliation,Argentina,resident|national,,"Reported 40,117,096 people and corrected the total to 40,930,448, implying 813,352 omitted or 1.99 percent",,The official 2010 figure.,"It is a reconciliation, so it estimates a total rather than measuring coverage. / No independent national post-enumeration survey accompanied the 2010 round, so the official figure cannot be checked against a direct measurement. / It shares inputs with the independent estimates that agree with it, so their convergence is not full corroboration.",high,verified_secondary,,https://www.indec.gob.ar/ftp/cuadros/publicaciones/proyeccionesyestimaciones_nac_2010_2040.pdf,Locate the 1.99 percent result and the sex and age breakdown in the publication.
indec2013ad35,subgroup-errors-cancel-nationally,supports,direct_analogue,primary_official,demographic_reconciliation,Argentina,resident|national,,"Correction was larger for men at 2.44 percent than women at 1.55 percent, and largest for ages 0 to 14 at 3.8 percent",,"The same pattern as 2022 appears in 2010: men and children undercounted more than women and working-age adults. The age-sex shape is demographically plausible, which is part of why the national figure is credible.","It is a reconciliation, so it estimates a total rather than measuring coverage. / No independent national post-enumeration survey accompanied the 2010 round, so the official figure cannot be checked against a direct measurement. / It shares inputs with the independent estimates that agree with it, so their convergence is not full corroboration.",high,verified_secondary,,https://www.indec.gob.ar/ftp/cuadros/publicaciones/proyeccionesyestimaciones_nac_2010_2040.pdf,Locate the 1.99 percent result and the sex and age breakdown in the publication.
indec2023gacetilla,net-accuracy-differs-from-complete-enumeration,context_only,context,primary_official,official_documentation,Argentina,resident,,"Reported 5,705 people in street situations, split between shelters and public space; Collective dwellings accounted for 267,793 residents; The census implies about 107,000 incarcerated residents",,"Bounds the populations most at risk of undercount. Even a several-fold undercount of 5,705 street residents moves a 45.9 million total by hundredths of a percentage point, so high relative risk and low national leverage coexist.","A press release is not a technical publication. Cite the definitive results for any figure used in print. / The street count is a one-night point-in-space operation, so local and civil-society counts often find much higher numbers. / It reports outputs, not an evaluation of their coverage.",medium,verified_secondary,,https://www.indec.gob.ar/indec/web/Institucional-GacetillaCompleta-479,Record the exact figures from the press release rather than from the literature review.
indec2023indicadores,territorial-coverage-is-not-population-coverage,supports,direct_analogue|caution,primary_official,direct_enumeration,Argentina,resident|national|jurisdiction,,"Reported territorial coverage of 98.6 percent is the share of predefined segments, not of residents; Provincial territorial coverage ran from 93.9 percent in San Juan to 97.4 percent in CABA",Aspectos metodológicos Cuadro 3 p. 17; Aspectos metodológicos Cuadro 3 p. 17,"The primary source for the distinction. 98.6 percent counts segments completed and says nothing about residents enumerated, and the uncovered 1.4 percent is never located.","Territorial coverage cannot be read as the share of people counted, which is the misreading this note exists to prevent. / It does not establish how many records the 4.8 percent represents. The prose denominator on p. 82 and the table title on the same page disagree, and INDEC publishes no reconciliation between them. / Removing a duplicate does not place the surviving record at the right address, so the rate says nothing about whether deduplicated people ended up correctly assigned. / It reports outputs of the census rather than an evaluation of them.",high,verified_secondary,,https://www.indec.gob.ar/ftp/cuadros/poblacion/censo2022_indicadores_demograficos.pdf,"Read p. 82 directly and record which denominator the 4.8 percent uses, if the publication resolves it at all. Until then neither 2.3 million nor 1.3 million may be printed as the number of removed records."
indec2023indicadores,net-accuracy-differs-from-complete-enumeration,supports,direct_analogue|caution,primary_official,direct_enumeration,Argentina,resident|national|jurisdiction,,"Duplicate removal of 4.8 percent of persons, stated against digital and paper records together; The table title on the same page restricts the figure to people who completed the online form more than once; The two readings imply 2.3 million or 1.3 million removed records; The provisional publication stated the equivalent rate as 3.6 percent of digital records only; Duplication is highest where the digital share was lowest, so the rate does not scale with digital take-up","p. 82; Aspectos metodológicos p. 16; p. 82, table title; p. 82; Resultados provisionales p. 63; Aspectos metodológicos Cuadro 2 p. 16","Duplicate removal at this rate is both a risk signal about raw duplication and evidence of quality control. Quote the rate, never a count. The publication gives two incompatible denominators on one page, so 4.8 percent resolves to either 2.3 million or 1.3 million records. The provincial pattern argues against the digital-only reading, because duplication runs highest where digital take-up was lowest.","Territorial coverage cannot be read as the share of people counted, which is the misreading this note exists to prevent. / It does not establish how many records the 4.8 percent represents. The prose denominator on p. 82 and the table title on the same page disagree, and INDEC publishes no reconciliation between them. / Removing a duplicate does not place the surviving record at the right address, so the rate says nothing about whether deduplicated people ended up correctly assigned. / It reports outputs of the census rather than an evaluation of them.",high,verified_secondary,,https://www.indec.gob.ar/ftp/cuadros/poblacion/censo2022_indicadores_demograficos.pdf,"Read p. 82 directly and record which denominator the 4.8 percent uses, if the publication resolves it at all. Until then neither 2.3 million nor 1.3 million may be printed as the number of removed records."
indec2023provisional,net-accuracy-differs-from-complete-enumeration,context_only,context,primary_official,direct_enumeration,Argentina,resident|national,,"Provisional results document the duplicate detection applied to digital self-enumeration; Provisional count of 46,044,703, comprising 45,767,858 in private dwellings, 273,883 in collective dwellings, and 2,962 in street situations",pp. 59-64,"The provisional total of 46,044,703 against the definitive 45,892,285 shows the count moving during processing, which is the window the Padre Ricciardelli loss falls into.","Provisional figures were superseded by the definitive results, so they cannot be cited as the census total. / It documents procedure rather than evaluating coverage. / The 4.8 percent removal figure is recorded from the definitive publication, not verified here.",medium,verified_secondary,,https://www.indec.gob.ar/ftp/cuadros/poblacion/cnphv2022_resultados_provisionales.pdf,Locate the duplicate-detection discussion on pp. 59-64 and record the exact denominator for the 4.8 percent removal.
indec2024censoweb,renabap-indec-not-independent,context_only,context,official_documentation,official_documentation,Argentina,census_area|household|dwelling,,"Topic landing page for the 2022 Census concepts, geographic units, data products, and dissemination structure",,"Recorded alongside redatam2024metodologia as the formal INDEC documentation. Like that document, it carries nothing on the independence question.","It does not establish operational reliance on barrio organizations. / It is a navigation page, so it holds no findings of its own. Any figure must be cited to the linked publication instead.",low,verified_secondary,,https://www.indec.gob.ar/indec/web/Nivel4-Tema-2-18-77,A landing page rather than a document. Cite the specific publication it links to whenever a figure is involved.
indec2024indigena,net-accuracy-differs-from-complete-enumeration,context_only,context,primary_official,direct_enumeration,Argentina,resident,,"Self-identified Indigenous or descendant population rose from 955,032 in 2010 to 1,306,730 in 2022; The 2022 questionnaire asked the question universally at person level, where 2010 used an expanded sample with household-level questioning",,"A worked example of a count changing because the instrument changed rather than because the population did. The increase is mostly classification, not total-person omission.","The change between rounds is largely a measurement change, so the two figures are not a time series. / It concerns classification of enumerated people rather than whether people were enumerated at all. / Scholars still identify problems of spelling, language filtering, and Spanish-mediated classification, which this publication does not resolve.",medium,verified_secondary,,https://censo.gob.ar/wp-content/uploads/2024/03/censo2022_poblacion_indigena.pdf,Locate the 2010 and 2022 counts and the questionnaire change in the publication.
indec2025ad39,census-net-omission-small-but-nonzero,supports,direct_analogue,primary_official,demographic_reconciliation,Argentina,resident|national,,"Reconciliation estimated 46,122,853 residents at census date against 45,886,580 enumerated in the age-sex base, a signed difference of -0.5 percent; Including the 5,705 people counted in street situations without age gives a gap of about 230,568",table 4; table 4,The source of the 0.5 percent figure that anchors every claim about 2022 accuracy.,"The 0.5 percent is a net differential against a model, not a direct estimate of every missed person. / A cohort-component reconciliation tests aggregate demographic consistency. It does not show that each person was enumerated or correctly located. / It carries no subnational coverage estimate, so it says nothing about any barrio.",high,verified_secondary,,https://www.indec.gob.ar/ftp/cuadros/publicaciones/proyecciones_nacionales_2022_2040.pdf,
indec2025ad39,subgroup-errors-cancel-nationally,supports,direct_analogue,primary_official,demographic_reconciliation,Argentina,resident|national,,Men were 2.1 percent below the demographic estimate and women 1.1 percent above it; Ages 0 to 14 were 3.5 percent below and ages 15 to 64 were 0.6 percent above; The sex-based gross differential was 1.6 percent against a net differential of 0.5 percent,table 4; table 4; table 4,"The decisive numbers. A 0.5 percent net differential sits on top of a 1.6 percent gross differential by sex alone, with men 2.1 percent low and women 1.1 percent high. The national fit is produced partly by cancellation.","The 0.5 percent is a net differential against a model, not a direct estimate of every missed person. / A cohort-component reconciliation tests aggregate demographic consistency. It does not show that each person was enumerated or correctly located. / It carries no subnational coverage estimate, so it says nothing about any barrio.",high,verified_secondary,,https://www.indec.gob.ar/ftp/cuadros/publicaciones/proyecciones_nacionales_2022_2040.pdf,
indec2025ad39,net-accuracy-differs-from-complete-enumeration,supports,direct_analogue,primary_official,demographic_reconciliation,Argentina,resident|national,,"Reconciliation estimated 46,122,853 residents at census date against 45,886,580 enumerated in the age-sex base, a signed difference of -0.5 percent; The sex-based gross differential was 1.6 percent against a net differential of 0.5 percent",table 4; table 4,0.5 percent is a signed difference against a demographic estimate. It is not a count of people missed.,"The 0.5 percent is a net differential against a model, not a direct estimate of every missed person. / A cohort-component reconciliation tests aggregate demographic consistency. It does not show that each person was enumerated or correctly located. / It carries no subnational coverage estimate, so it says nothing about any barrio.",high,verified_secondary,,https://www.indec.gob.ar/ftp/cuadros/publicaciones/proyecciones_nacionales_2022_2040.pdf,
inei2018,latin-american-omission-range-includes-six-percent,supports,direct_analogue,primary_official,post_enumeration_survey,Peru,resident|national,,"Enumerated 29,381,884 people with an estimated 1,855,501 omitted, giving an adjusted total of 31,237,385 and an omission rate of 5.94 percent",,"The closest proportional match to the Argentine case, at 5.94 percent against a roughly 6 percent discrepancy, and measured by post-enumeration survey rather than inferred.",It measures Peruvian coverage and says nothing about Argentina. / The figures are recorded from the working notes rather than read off the INEI chapter. / The denominator behind the 5.94 percent rate is not yet verified.,high,verified_secondary,,https://www.inei.gob.pe/media/MenuRecursivo/publicaciones_digitales/Est/Lib1539/cap01.pdf,"Read the enumerated, omitted, and adjusted totals off the INEI chapter PDF and record the table number. The 5.94 percent denominator is not yet verified."
kit2013,official-enumeration-omits-areas,supports,caution|mechanism_evidence,peer_reviewed,remote_sensing,India,settlement|census_area,,Field visits found severely deprived informal areas that were not known or recognized by local government.,,Field visits found deprived areas local government did not recognise.,"It does not support a universal or citywide census undercount. / Absolute estimates depend on assumed population-density ranges rather than a dwelling census. / Agarwal’s reported finding that 76% of Hyderabad’s poorest residents lived outside census-designated slums concerns classification, not population omission.",medium,verified_full_text,10.1080/02723638.2013.778665,,Locate the Circle VII and citywide share figures on the page.
kit2013,imagery-reveals-more-dwellings,qualifies,caution|mechanism_evidence,peer_reviewed,remote_sensing,India,settlement|census_area,,"Image-derived estimates differed from official estimates in most city circles.; In Circle VII, the conservative core-slum estimate exceeded census data by 10%.; Citywide, however, the image-derived slum share was 29%, below the official 35%.",,"Counterevidence worth keeping. The image-derived share ran below the official share citywide, even though one circle exceeded the census by 10 percent.","It does not support a universal or citywide census undercount. / Absolute estimates depend on assumed population-density ranges rather than a dwelling census. / Agarwal’s reported finding that 76% of Hyderabad’s poorest residents lived outside census-designated slums concerns classification, not population omission.",medium,verified_full_text,10.1080/02723638.2013.778665,,Locate the Circle VII and citywide share figures on the page.
kuffer2016,footprints-contain-population-information,context_only,context|method_validation,review,literature_review,,settlement|roof|building,,Very high resolution imagery can extract roof or dwelling level information for settlement mapping and population estimation,,Reviews the evidence rather than producing it. Cite the primary studies for any number.,"It is a review and not a direct undercount measurement. / It does not calibrate an area threshold for filtering footprints. The 6 and 10 square metre cuts in the manuscript stay uncalibrated. / It leads to the Gunter, Galeon, Kit, and Kibera studies, so maintenance rule 2 applies: cite those originals for their numbers rather than this review.",high,verified_full_text,10.3390/rs8060455,,"Locate the recurring-limitations passage, the 87 case-study count, and the slum morphological signature on the page."
kuffer2016,informal-population-underrepresentation,supports,context|method_validation,review,literature_review,,settlement|roof|building,,"Official information on settlement extent, population, buildings, and boundaries is frequently missing or inconsistent",,"Official settlement information is frequently missing or inconsistent, which is the precondition for undercount.","It is a review and not a direct undercount measurement. / It does not calibrate an area threshold for filtering footprints. The 6 and 10 square metre cuts in the manuscript stay uncalibrated. / It leads to the Gunter, Galeon, Kit, and Kibera studies, so maintenance rule 2 applies: cite those originals for their numbers rather than this review.",medium,verified_full_text,10.3390/rs8060455,,"Locate the recurring-limitations passage, the 87 case-study count, and the slum morphological signature on the page."
kuffer2016,missing-footprints-push-estimates-down,supports,context|method_validation,review,literature_review,,settlement|roof|building,,"Recurring limitations are small buildings, extreme roof density, overlapping roofs, verticality, contextual diversity, and weak reference data; Slum mapping reviews report dwellings below 20 square metres",,"Small buildings, extreme roof density, overlapping roofs, and verticality all suppress detected counts.","It is a review and not a direct undercount measurement. / It does not calibrate an area threshold for filtering footprints. The 6 and 10 square metre cuts in the manuscript stay uncalibrated. / It leads to the Gunter, Galeon, Kit, and Kibera studies, so maintenance rule 2 applies: cite those originals for their numbers rather than this review.",medium,verified_full_text,10.3390/rs8060455,,"Locate the recurring-limitations passage, the 87 case-study count, and the slum morphological signature on the page."
kuffer2016,planar-counts-conservative-when-vertical,supports,context|method_validation,review,literature_review,,settlement|roof|building,,"Diagnostic slum signature is higher roof coverage density, organic patterns, and small building sizes",,"The morphology used to detect slums is a dwelling stock at occupational saturation, with the built fraction approaching the parcel fraction. That independently supports a dwelling yield near one.","It is a review and not a direct undercount measurement. / It does not calibrate an area threshold for filtering footprints. The 6 and 10 square metre cuts in the manuscript stay uncalibrated. / It leads to the Gunter, Galeon, Kit, and Kibera studies, so maintenance rule 2 applies: cite those originals for their numbers rather than this review.",medium,verified_full_text,10.3390/rs8060455,,"Locate the recurring-limitations passage, the 87 case-study count, and the slum morphological signature on the page."
kuffer2019,imagery-reveals-more-dwellings,supports,direct_analogue|mechanism_evidence,peer_reviewed,remote_sensing,Tanzania,settlement|roof|resident,,"A census-based estimate implied approximately 3 million Dar es Salaam residents living in slum-like conditions.; A bottom-up estimate combining OSM/UAV-derived rooftop outlines, a household survey in five settlements, Slum Dwellers International data, and land-use exclusions produced approximately 5 millio…; The inferred total city population exceeded 6 million, with roughly 80% living in slum-like conditions.",pp. 1–3; pp. 1–3; pp. 1–3,Closest published roof-based versus census-based comparison in the registry. The gap is about two million people in one city.,"The paper explicitly does not claim a “final truth.” / Roof area per person is transferred across the city and could differ between central and peripheral settlements. / Census, survey, and imagery inputs came from different years. / Mixed-use buildings can inflate residential roof area despite land-use exclusions.",high,verified_secondary,10.1109/JURSE.2019.8809066,,Obtain the full JURSE paper and locate the 3 million and 5 million figures on the page.
kuffer2019,informal-population-underrepresentation,supports,direct_analogue|mechanism_evidence,peer_reviewed,remote_sensing,Tanzania,settlement|roof|resident,,"A census-based estimate implied approximately 3 million Dar es Salaam residents living in slum-like conditions.; A bottom-up estimate combining OSM/UAV-derived rooftop outlines, a household survey in five settlements, Slum Dwellers International data, and land-use exclusions produced approximately 5 millio…",pp. 1–3; pp. 1–3,,"The paper explicitly does not claim a “final truth.” / Roof area per person is transferred across the city and could differ between central and peripheral settlements. / Census, survey, and imagery inputs came from different years. / Mixed-use buildings can inflate residential roof area despite land-use exclusions.",high,verified_secondary,10.1109/JURSE.2019.8809066,,Obtain the full JURSE paper and locate the 3 million and 5 million figures on the page.
kuffer2019,footprint-not-one-household,supports,direct_analogue|mechanism_evidence,peer_reviewed,remote_sensing,Tanzania,settlement|roof|resident,,"Houses were commonly single-storey, but portions of houses were often sublet.",pp. 1–3,"Single-storey houses with sublet portions, so the household count exceeds the structure count without any verticality.","The paper explicitly does not claim a “final truth.” / Roof area per person is transferred across the city and could differ between central and peripheral settlements. / Census, survey, and imagery inputs came from different years. / Mixed-use buildings can inflate residential roof area despite land-use exclusions.",medium,verified_secondary,10.1109/JURSE.2019.8809066,,Obtain the full JURSE paper and locate the 3 million and 5 million figures on the page.
kuffer2020,official-enumeration-omits-areas,supports,mechanism_evidence|context,peer_reviewed,literature_review,Kenya|India,settlement|census_area,,"Describes a circular problem: where deprived-area maps are absent, census and household-survey sampling and field collection are more likely to underreport those communities.; Notes that approximately 60% of Nairobi’s population occupies about 4% of its built-up area; ordinary sampling can therefore exclude large shares of the population implicitly.; In Bangalore, the 2011 census reported an 8% slum-population share, the Karnataka Slum Development Board counted 597 slums and approximately 23%, and a local organization mapped more than 1,500 …; Small, temporary, unrecognized, and especially deprived areas were the most likely to be omitted.",,"Supplies the circular mechanism. A missing deprived-area map makes census and survey undercoverage more likely, which keeps the map missing.","The Bangalore figures come from different institutions, definitions, and possibly dates; do not interpret their differences as a clean census coverage rate. / This is not an Argentina-specific enumeration audit.",high,verified_full_text,10.3390/rs12060982,,Locate the Nairobi 60-percent-of-4-percent and Bangalore figures on the page.
kuffer2020,informal-population-underrepresentation,supports,mechanism_evidence|context,peer_reviewed,literature_review,Kenya|India,settlement|census_area,,"In Bangalore, the 2011 census reported an 8% slum-population share, the Karnataka Slum Development Board counted 597 slums and approximately 23%, and a local organization mapped more than 1,500 …",,"Bangalore ranges from an 8 percent census slum share to more than 1,500 mapped settlements depending on who counts.","The Bangalore figures come from different institutions, definitions, and possibly dates; do not interpret their differences as a clean census coverage rate. / This is not an Argentina-specific enumeration audit.",medium,verified_full_text,10.3390/rs12060982,,Locate the Nairobi 60-percent-of-4-percent and Bangalore figures on the page.
kuffer2021,official-enumeration-omits-areas,supports,context,peer_reviewed,field_survey,,settlement|building,,"Base maps were commonly outdated, incomplete, limited to part of a city, and especially sparse in dynamic peri-urban areas.; Deprived-area residents were described as among those least likely to be counted and served.",,"Base maps are commonly outdated, incomplete, limited to part of a city, and sparsest in dynamic peri-urban areas. Deprived-area residents are among those least likely to be counted.",It is not an enumeration audit and supplies no independently measured undercount rate.,medium,verified_full_text,10.3390/urbansci5040072,,Locate the base-map findings on the page.
kuffer2021,footprints-contain-population-information,context_only,context,peer_reviewed,field_survey,,settlement|building,,Building data were identified as important inputs to population models.,,Practitioners identified building data as an important input to population models.,It is not an enumeration audit and supplies no independently measured undercount rate.,medium,verified_full_text,10.3390/urbansci5040072,,Locate the base-map findings on the page.
kuffer2022,national-total-conceals-geographic-error,supports,mechanism_evidence|direct_analogue,peer_reviewed,modeled_population_product,Ghana|Indonesia|Egypt|Afghanistan|Brazil|United States,grid_cell|settlement,,"Only about 25 percent of urban cells fell within 10 percent of local reference counts; Correctly estimated residential cells ranged from 8.9 percent in Kumasi to 68.2 percent in New York; Dense residential, informal, and high-rise areas tended to be underestimated; Mixed or non-residential central areas and some low-density outskirts tended to be overestimated; Mechanism is binary distribution of population across built-up pixels without land-use or height information",Table 7 pp. 11-12; Table 7 pp. 11-12; §4.3 pp. 10-11; §4.3 pp. 10-11; discussion and conclusion pp. 12-15,"The registry's best source for this claim. Roughly 75 percent of urban cells are wrong by more than 10 percent while the city totals stay plausible, and the error is directional: people move out of dense informal areas and into non-residential or low-density cells.",It does not independently test the completeness of national censuses. / São Paulo's informal-settlement category was excluded from part of the analysis because most settlements were smaller than one 1-km cell. / Some of the measured error reflects temporal and source mismatches rather than model failure. / The paper warns that Google Open Buildings can contain large omissions in high-density informal areas. That warning supports conservatism but is not Argentina-specific.,high,verified_full_text,10.3390/ijgi11070403,,
kuffer2022,informal-population-underrepresentation,supports,mechanism_evidence|direct_analogue,peer_reviewed,modeled_population_product,Ghana|Indonesia|Egypt|Afghanistan|Brazil|United States,grid_cell|settlement,,"Dense residential, informal, and high-rise areas tended to be underestimated",§4.3 pp. 10-11,Underestimation concentrates in exactly the morphology RENABAP settlements have.,It does not independently test the completeness of national censuses. / São Paulo's informal-settlement category was excluded from part of the analysis because most settlements were smaller than one 1-km cell. / Some of the measured error reflects temporal and source mismatches rather than model failure. / The paper warns that Google Open Buildings can contain large omissions in high-density informal areas. That warning supports conservatism but is not Argentina-specific.,high,verified_full_text,10.3390/ijgi11070403,,
kuffer2022,footprints-contain-population-information,qualifies,mechanism_evidence|direct_analogue,peer_reviewed,modeled_population_product,Ghana|Indonesia|Egypt|Afghanistan|Brazil|United States,grid_cell|settlement,,Mechanism is binary distribution of population across built-up pixels without land-use or height information; Absence of a land-use layer sends population to non-residential built-up area and underestimates dense residential area,discussion and conclusion pp. 12-15; p. 12,"Built-up area without land use or height is not enough. The paper names the missing land-use layer as the major problem, which is the argument for a building-density auxiliary rather than built-up area alone.",It does not independently test the completeness of national censuses. / São Paulo's informal-settlement category was excluded from part of the analysis because most settlements were smaller than one 1-km cell. / Some of the measured error reflects temporal and source mismatches rather than model failure. / The paper warns that Google Open Buildings can contain large omissions in high-density informal areas. That warning supports conservatism but is not Argentina-specific.,high,verified_full_text,10.3390/ijgi11070403,,
lanacion2022villa2124,footprint-not-one-household,supports,mechanism_evidence,journalism,journalism,Argentina,household|dwelling|building,,"Buildings up to five stories with narrow internal passages; Several households behind a single apparent entrance, and an inquilinato containing as many as ten households",,Argentine field evidence for the mechanism marx2019 and ono2020 measure elsewhere. An inquilinato with ten households behind one entrance is one footprint.,"It is journalism from one settlement on Census Day, not a measurement. / It documents conditions that make omission likely. It does not establish that omission occurred or its size. / The byline and the exact quotations are not yet recorded.",medium,verified_secondary,,https://www.lanacion.com.ar/sociedad/golpeas-una-puerta-y-no-sabes-cuantas-familias-vas-a-encontrar-el-complejo-operativo-para-relevar-nid18052022/,Preserve the exact enumerator quotations and speaker names. The byline is not recorded.
lanacion2022villa2124,building-method-is-conservative-in-vertical-settlements,supports,mechanism_evidence,journalism,journalism,Argentina,household|dwelling|building,,"Buildings up to five stories with narrow internal passages; Several households behind a single apparent entrance, and an inquilinato containing as many as ten households",,"Barrios Visibles does not infer these households. Where INDEC reports more people than the building-based floor, the analysis keeps INDEC's value, so hidden vertical and subdivided households push the estimate down.","It is journalism from one settlement on Census Day, not a measurement. / It documents conditions that make omission likely. It does not establish that omission occurred or its size. / The byline and the exact quotations are not yet recorded.",high,verified_secondary,,https://www.lanacion.com.ar/sociedad/golpeas-una-puerta-y-no-sabes-cuantas-familias-vas-a-encontrar-el-complejo-operativo-para-relevar-nid18052022/,Preserve the exact enumerator quotations and speaker names. The byline is not recorded.
lanacion2022villa2124,official-enumeration-omits-areas,supports,mechanism_evidence,journalism,journalism,Argentina,household|dwelling|building,,Enumerators reported difficulty tracking which dwellings had been visited,,Enumerators losing track of which dwellings were visited is an operational omission mechanism reported as it happened.,"It is journalism from one settlement on Census Day, not a measurement. / It documents conditions that make omission likely. It does not establish that omission occurred or its size. / The byline and the exact quotations are not yet recorded.",medium,verified_secondary,,https://www.lanacion.com.ar/sociedad/golpeas-una-puerta-y-no-sabes-cuantas-familias-vas-a-encontrar-el-complejo-operativo-para-relevar-nid18052022/,Preserve the exact enumerator quotations and speaker names. The byline is not recorded.
lanaciondata2022,official-enumeration-omits-areas,supports,mechanism_evidence,journalism,journalism,Argentina,household,,"Reader reports of households not visited by enumerators were gathered, checked, and mapped after Census Day",,Establishes that operational omissions occurred nationally and were reported at the time.,"It does not show that omissions concentrated in informal settlements. / Reader reports are a self-selected sample, so they cannot support a rate. / The number of validated reports is not recorded in the working notes.",low,verified_secondary,,https://www.lanacion.com.ar/sociedad/mapa-los-reportes-de-lectores-que-no-fueron-censados-nid20052022/,Record how many reports were gathered and how they were validated.
leete2001,informal-population-underrepresentation,context_only,context,review,literature_review,,national,,Census funding constraints lengthen intervals and reduce coverage effort in resource-constrained settings,,Supplies the institutional reason census data goes stale. It does not measure any resulting undercount.,"It measures no undercount and reports no coverage figure. / It predates every census round this project examines, so it cannot speak to Argentine 2001, 2010, or 2022 operations. / Argentina is a middle-income country with an established statistical office, so the resource-constrained framing transfers only weakly.",low,verified_secondary,,https://unstats.un.org/unsd/demographic/meetings/egm/symposium2001/docs/symposium_04.htm,Locate the funding-constraint argument in the symposium paper and record the section.
lucci2018,informal-population-underrepresentation,context_only,context,peer_reviewed,literature_review,,household|resident,,Standard urban poverty measurement understates poverty by missing informal settlement residents,,"Extends the consequence of undercount into poverty statistics, which raises the policy cost of the measurement gap beyond population counts.","It does not measure an informal-settlement population undercount. The subject is poverty measurement. / The manuscript groups it with breuer2024, carrhill2013, and kuffer2022 in a single supporting citation, so no specific finding has been traced to it.",low,verified_secondary,10.1016/j.worlddev.2017.10.022,,Locate the informal-settlement passage in the published article and record the page.
mahabir2018,missing-footprints-push-estimates-down,qualifies,context|mechanism_evidence,review,literature_review,,building|dwelling|settlement,,Extraction algorithms delete small dwellings as noise and merge adjacent ones,,"Automated extraction errs in both directions at once, deleting small dwellings and merging adjacent ones, so a single correction factor cannot repair it.","It is a review, so it does not itself measure an extraction error rate. Cite the primary studies for rates. / It does not establish how many Argentine settlements have reached the maturity stage. / The life-cycle model is a framing rather than a validated temporal sequence for any specific settlement.",medium,verified_secondary,10.3390/urbansci2010008,,Locate the extraction-error discussion and the life-cycle framing in the published review.
mahabir2018,planar-counts-conservative-when-vertical,supports,context|mechanism_evidence,review,literature_review,,building|dwelling|settlement,,"Slum life cycle runs infancy to consolidation to maturity, with vertical densification possible at maturity",,"Explains why footprint counts fall below the registry in consolidated settlements such as those in the Ciudad Autónoma de Buenos Aires, and exceed it in horizontal ones.","It is a review, so it does not itself measure an extraction error rate. Cite the primary studies for rates. / It does not establish how many Argentine settlements have reached the maturity stage. / The life-cycle model is a framing rather than a validated temporal sequence for any specific settlement.",medium,verified_secondary,10.3390/urbansci2010008,,Locate the extraction-error discussion and the life-cycle framing in the published review.
marx2019,footprint-not-one-household,supports,direct_analogue|mechanism_evidence,peer_reviewed,field_survey,Kenya,roof_block|household,,The mean remotely delineated roof object covered 466 m².; Each roof object contained an average of 11.2 households.; The authors describe the segmented objects as “roofs or blocks of roofs” and manually corrected them.,Article pp. 47–48; Article pp. 47–48; Article pp. 47–48,"The strongest single number in the registry on this point. A mean remotely delineated roof object of 466 square metres held an average of 11.2 households. The object is a roof or block of roofs, not a building, which is why the figure is so high.",Do not state that the average detached building contained 11.2 households. / The remotely delineated object could combine a roof block rather than a single freestanding structure. / The quantity cannot be transferred as an Argentine multiplier.,high,verified_full_text,10.1257/app.20160484,,
moultrie2024,latin-american-omission-range-includes-six-percent,contradicts,caution,peer_reviewed,independent_analysis,South Africa,resident|household,,Peer-reviewed critique of the South African 2022 post-enumeration survey methodology and adjusted results,,Recorded as a contradiction on purpose. It is the reason the South African figure cannot be cited as an unqualified upper bound on modern census undercount.,"It critiques the South African survey and establishes nothing about Latin American or Argentine coverage. / The specific criticisms are not yet recorded, because the critique itself has not been read. / It is a Commentary rather than a research article, and Statistics South Africa disputes it, so it does not settle the South African figure either.",medium,verified_secondary,10.17159/sajs.2024/18585,,"Verify the exact title, volume, issue, and pages. The title in the bib entry is paraphrased from the working note."
ocar2023,no-independent-pes-limits-verification,supports,mechanism_evidence,peer_reviewed,independent_analysis,Argentina,census_area|jurisdiction,,No national post-enumeration survey was conducted in 2010 or 2022,,"States the absence directly for both recent rounds, which is the precondition for everything else in the census-accuracy argument.","It covers Misiones, so the operational account does not generalise to other provinces. / It does not quantify any omission arising from the operational changes it describes. / It is an experience report rather than a coverage evaluation.",high,verified_secondary,,https://www.redalyc.org/journal/740/74077107002/,Locate the account of late method changes and recovery counting in the published article.
ocar2023,official-enumeration-omits-areas,supports,mechanism_evidence,peer_reviewed,independent_analysis,Argentina,census_area|jurisdiction,,Operational accounts from Misiones document late method changes and recovery counting,,Provincial operational detail. Late method changes and recovery counting are the conditions under which records go missing.,"It covers Misiones, so the operational account does not generalise to other provinces. / It does not quantify any omission arising from the operational changes it describes. / It is an experience report rather than a coverage evaluation.",medium,verified_secondary,,https://www.redalyc.org/journal/740/74077107002/,Locate the account of late method changes and recovery counting in the published article.
okyere2025,no-single-provider-complete,qualifies,caution,preprint,remote_sensing,,building,,"Compares Google, Microsoft/VIDA, and OSM footprint geometry across Accra, Nairobi, Caracas, Berlin, and Houston.; Only 8.19% of Google polygons overlapped OSM in Accra and 3.97% in Caracas, while 61% and 57% of OSM polygons overlapped Google, respectively.; Geometric agreement was poorer in Caracas than in the formal Global North comparison cities.",,"Usable only for the weak claim that providers disagree and that complex urban morphology reduces polygon alignment. Its bibliography leads to gevaert2024, chamberlain2024, and herfort2023, which are stronger.","that Google systematically omits Caracas or Accra buildings; / that OSM represents ground truth; / that low polygon overlap measures real-world building completeness; / anything about population, dwellings, households, or census accuracy. / The analysis explicitly assumes OSM is closer to ground truth despite its own counts showing that OSM is dramatically sparser. Non-overlap therefore cannot distinguish missing Google buildings from missing OSM buildings, segmentation differences, dates, or geometry mismatch. Some discussion language conflates disagreement with omission.",low,verified_full_text,10.48550/arXiv.2508.12872,https://arxiv.org/abs/2508.12872,Locate the polygon counts and overlap percentages on the page.
ono2020,planar-counts-conservative-when-vertical,supports,mechanism_evidence,peer_reviewed,field_survey,Kenya,building|dwelling|household,,"In MCC, 45.8% of buildings had one or two stories, 27.2% had three to five stories, and 11.5% had six or seven stories; the maximum was seven.; Gross building coverage was 64.7%, while gross floor-area ratio was 196.7%.",§§5.2–5.4 and §7; §§5.2–5.4 and §7,Gross building coverage of 64.7 percent against a gross floor-area ratio of 196.7 percent. Three times as much floor as footprint.,Rental rooms are not explicitly enumerated as households. / One Nairobi settlement cannot define Argentine occupancy rates.,high,verified_full_text,10.1002/2475-8876.12161,,
ono2020,footprint-not-one-household,supports,mechanism_evidence,peer_reviewed,field_survey,Kenya,building|dwelling|household,,"Fieldwork in three villages in Mukuru Kwa Njenga documented rows of standard 10-by-12-foot rental rooms arranged around aisles.; Housing included single rooms, bedsitters, and one-bedroom units.; Surveyed plots contained tenants or owners plus tenants; no surveyed plot was occupied only by the structure owner.",§§5.2–5.4 and §7; §§5.2–5.4 and §7; §§5.2–5.4 and §7,"Rows of standard 10-by-12-foot rental rooms around aisles, and no surveyed plot occupied only by the structure owner.",Rental rooms are not explicitly enumerated as households. / One Nairobi settlement cannot define Argentine occupancy rates.,high,verified_full_text,10.1002/2475-8876.12161,,
prb2022,net-accuracy-differs-from-complete-enumeration,supports,context,independent_research,independent_analysis,United States,resident|national,,"Net undercount of roughly 782,000 after about 18 million erroneous enumerations offset the omissions",,"The accessible companion to uscensus2022coverage. It states the arithmetic of offsetting in one sentence, which is useful for a general-audience version of the argument.",It is an explainer rather than a primary coverage estimate. Cite the Census Bureau for the figures. / It covers the United States only.,medium,verified_secondary,,https://www.prb.org/resources/how-accurate-was-the-2020-census-and-why-should-you-care/,"Record the paragraph carrying the 782,000 net undercount figure and the 18 million erroneous enumerations."
quinn2024,post-2022-construction-must-be-tested,method_validates,method_precedent,dataset,remote_sensing,,building,,Provides an independent way to test whether footprint excess is explained by post-census construction.,,"Provides an independent way to date detected construction. It says nothing about occupancy, which stays a separate assumption.","Building date does not establish occupancy, residential use, household count, or census coverage. / Temporal detection errors and confidence thresholds must remain documented with the project results.",medium,needs_follow_up,,https://storage.googleapis.com/open-buildings-temporal-data,"INCOMPLETE CITATION. Normalise the venue, DOI, and author list against the exact dataset version used in the analysis, as the annotated review requires. Add exact authors, DOI/arXiv identifier, dataset version, temporal coverage, and access date. Link the source to the analysis artifact that produced the ≤20% result."
redatam2024metodologia,renabap-indec-not-independent,context_only,context,official_documentation,official_documentation,Argentina,census_area|household|dwelling,,"Documents the Census formal concepts, geographic units, household and dwelling variables, data products, and dissemination structure",,"Establishes what INDEC measured and how radio-level data should be read. It carries no evidence about the independence question, which is the point of recording it here.","It does not establish operational reliance on barrio organizations. That evidence comes only from the contemporary account of the CABA enumeration in clarin2022villas. / It documents concepts and dissemination rather than field procedure, so it says nothing about how households were located or reached. / It reports no coverage or omission rate.",medium,verified_secondary,,https://redatam.indec.gob.ar/redarg/CENSOS/CPV2022/Docs/Redatam_aspectos_metodologicos.pdf,"Locate and record the specific sections covering geographic units and the household and dwelling variable definitions, so radio-level figures can be cited to a page rather than to the document."
renaper2022caracterizacion,census-net-omission-small-but-nonzero,qualifies,direct_analogue,primary_official,administrative_registry,Argentina,resident,,"RENAPER reported 3,033,786 foreign-born people with a current digital identity or residence in August 2022, against 1,933,463 counted by the census in private dwellings",,"The largest single administrative-versus-census gap in the Argentine record, at 1.10 million. Labelled as qualifies rather than supports because the two figures do not share a definition of residence.","The definitions are not equivalent. A current digital identity or residence permit is not residence on census night, and the six-month removal attempt is an approximation. / The census figure covers private dwellings only, so collective dwellings and street population are excluded from the comparison. / It does not establish that the 1.10 million difference is census omission rather than administrative over-inclusion.",medium,verified_secondary,,https://www.argentina.gob.ar/sites/default/files/2022/12/08_-_caracterizacion_de_la_migracion_internacional.pdf,"Locate the 3,033,786 figure and the method for removing people abroad more than six months."
renaper2022caracterizacion,official-enumeration-omits-areas,supports,direct_analogue,primary_official,administrative_registry,Argentina,resident,,"RENAPER reported 3,033,786 foreign-born people with a current digital identity or residence in August 2022, against 1,933,463 counted by the census in private dwellings",,"A gap this size in one subpopulation is a warning signal about who the census reaches, even after the definitional mismatch is allowed for.","The definitions are not equivalent. A current digital identity or residence permit is not residence on census night, and the six-month removal attempt is an approximation. / The census figure covers private dwellings only, so collective dwellings and street population are excluded from the comparison. / It does not establish that the 1.10 million difference is census omission rather than administrative over-inclusion.",medium,verified_secondary,,https://www.argentina.gob.ar/sites/default/files/2022/12/08_-_caracterizacion_de_la_migracion_internacional.pdf,"Locate the 3,033,786 figure and the method for removing people abroad more than six months."
sacco2017,census-net-omission-small-but-nonzero,supports,direct_analogue|caution,peer_reviewed,demographic_reconciliation,Argentina,resident|national,,"Obtained about 2.1 percent for 2010, with a range of roughly 1.4 to 2.1 percent under alternative migration assumptions; Judges the count broadly coherent by demographic standards while absence of direct evaluation weakens credibility",pp. 637-638,"The most balanced published judgement on Argentine census coverage, and the one the project should cite for the overall position.","The 6 percent sensitivity boundary is explicitly speculative. Citing it as Sacco's estimate would misrepresent the paper. / The 7 percent figure is second-hand from an unpublished survey and cannot be audited. / Migration assumptions are decisive for the central estimate, so the 1.4 to 2.1 percent range is a property of the assumptions as much as of the census.",high,verified_secondary,10.24201/edu.v32i3.1648,,"Read pp. 637-638 for the 2001 post-enumeration survey passage, and locate the sensitivity exercise that reaches about 6 percent."
sacco2017,latin-american-omission-range-includes-six-percent,qualifies,direct_analogue|caution,peer_reviewed,demographic_reconciliation,Argentina,resident|national,,A sensitivity exercise reaches about 6 percent under broad assumptions about occupied-but-absent dwellings,,"Labelled carefully. Sacco's own sensitivity exercise reaches about 6 percent, which is the magnitude Barrios Visibles reports, but he presents it as a speculative boundary and not a preferred estimate. Do not cite it as his finding.","The 6 percent sensitivity boundary is explicitly speculative. Citing it as Sacco's estimate would misrepresent the paper. / The 7 percent figure is second-hand from an unpublished survey and cannot be audited. / Migration assumptions are decisive for the central estimate, so the 1.4 to 2.1 percent range is a property of the assumptions as much as of the census.",medium,verified_secondary,10.24201/edu.v32i3.1648,,"Read pp. 637-638 for the 2001 post-enumeration survey passage, and locate the sensitivity exercise that reaches about 6 percent."
sacco2017,no-independent-pes-limits-verification,supports,direct_analogue|caution,peer_reviewed,demographic_reconciliation,Argentina,resident|national,,Cites an approximate 7 percent figure from the unpublished 2001 post-enumeration survey; Judges the count broadly coherent by demographic standards while absence of direct evaluation weakens credibility,pp. 637-638; pp. 637-638,"Names the specific weaknesses: no direct evaluation, unpublished procedures, delayed documentation.","The 6 percent sensitivity boundary is explicitly speculative. Citing it as Sacco's estimate would misrepresent the paper. / The 7 percent figure is second-hand from an unpublished survey and cannot be audited. / Migration assumptions are decisive for the central estimate, so the 1.4 to 2.1 percent range is a property of the assumptions as much as of the census.",high,verified_secondary,10.24201/edu.v32i3.1648,,"Read pp. 637-638 for the 2001 post-enumeration survey passage, and locate the sensitivity exercise that reaches about 6 percent."
samper2025,argentina-settlements-dispersed-and-growing,supports,direct_analogue|context,working_paper,remote_sensing,Argentina,settlement,,"RENABAP settlement polygons cover approximately 683.92 km² in Argentine urban areas with more than 2,000 residents.; Extra-small urban areas contain approximately 266.99 km² of informal-settlement area, compared with 216.23 km² in large metropolitan areas.; Estimated settlement-area growth from 2016 to 2023 averaged 1.78% annually.; Growth was faster in small urban areas, approximately 2.78% annually, than in large metropolitan areas, approximately 1.44%.",,"The only source in the registry measuring Argentine settlement geography at national scale. Extra-small urban areas hold about 266.99 square kilometres of settlement area against 216.23 in large metros, and grow at 2.78 percent annually against 1.44.","It does not validate RENABAP’s family counts or Barrios Visibles’ population estimate. / Its statement that roughly 1.2 million RENABAP families were “surveyed in their homes” should not be repeated without qualification. RENABAP documents a mixed estimation system using community-leader declarations, enumerator observation, satellite dwelling counts, and later house-to-house updates. / Its “several orders” language is not supported by the magnitude of the reported differences.",high,verified_full_text,10.2139/ssrn.5588589,https://ssrn.com/abstract=5588589,"Normalise the SSRN working-paper version against any published version, and locate the area and growth figures."
samper2025,post-2022-construction-must-be-tested,supports,direct_analogue|context,working_paper,remote_sensing,Argentina,settlement,,Estimated settlement-area growth from 2016 to 2023 averaged 1.78% annually.,,Measured area growth of 1.78 percent annually from 2016 to 2023 means the footprint snapshot and the census date are not interchangeable.,"It does not validate RENABAP’s family counts or Barrios Visibles’ population estimate. / Its statement that roughly 1.2 million RENABAP families were “surveyed in their homes” should not be repeated without qualification. RENABAP documents a mixed estimation system using community-leader declarations, enumerator observation, satellite dwelling counts, and later house-to-house updates. / Its “several orders” language is not supported by the magnitude of the reported differences.",medium,verified_full_text,10.2139/ssrn.5588589,https://ssrn.com/abstract=5588589,"Normalise the SSRN working-paper version against any published version, and locate the area and growth figures."
sanchezcespedes2024,official-enumeration-omits-areas,supports,direct_analogue|method_validation,peer_reviewed,remote_sensing,Colombia,census_area|building|resident,,"Of 1,302 special-route census enumeration areas, 508 had at least 90% of expected properties enumerated, 628 were partially enumerated, and 166 were not visited.",Data pp. 2–4; results pp. 8–11; Figure 5,"The closest Latin American precedent in the registry, and the national statistical office coauthored it. 628 of 1,302 enumeration areas partially enumerated and 166 never visited.","The omitted Colombian areas were remote, conflict-affected, and often home to minority communities, not urban informal settlements. / The method models building coverage, not one footprint per dwelling. / The study does not report a national missing-population total. / Treating 90% property coverage as “full” leaves some residual enumeration error.",high,verified_full_text,10.1080/00324728.2023.2190151,,
sanchezcespedes2024,footprints-contain-population-information,supports,direct_analogue|method_validation,peer_reviewed,remote_sensing,Colombia,census_area|building|resident,,"Satellite building coverage alone explained 56.8% of out-of-sample population variance.; Community estimates explained 66.2%.; The combined satellite and community model explained 67.9% of population variance and 65.1% of building-count variance, with the best overall accuracy.; Validation of World Settlement Footprint building area in Cartagena produced mean error of 0.29%, MAE of 6.52%, and RMSE of 8.98%.",Data pp. 2–4; results pp. 8–11; Figure 5; Data pp. 2–4; results pp. 8–11; Figure 5; Data pp. 2–4; results pp. 8–11; Figure 5; Data pp. 2–4; results pp. 8–11; Figure 5,"Satellite building coverage alone explained 56.8 percent of out-of-sample population variance, and the combined model reached 67.9 percent.","The omitted Colombian areas were remote, conflict-affected, and often home to minority communities, not urban informal settlements. / The method models building coverage, not one footprint per dwelling. / The study does not report a national missing-population total. / Treating 90% property coverage as “full” leaves some residual enumeration error.",high,verified_full_text,10.1080/00324728.2023.2190151,,
scialabba2025,footprint-not-one-household,supports,mechanism_evidence|direct_analogue,peer_reviewed,independent_analysis,Argentina,dwelling|household|family,,"Informal room rentals in dwellings and tenements are concealed by landlords during the census operation; In later censuses the problem became the hidden informal room-rental market in the densest villas; Related household members occupy adjoining rooms with independent street exits while sharing food expenses; Dwellings have more than one street access, and accesses that can hardly be treated as separate","Results, subsection Empadronamiento de hogares; Results, subsection Empadronamiento de hogares; Results, subsection Empadronamiento de hogares, citing Marcos 2023; Results, subsection Empadronamiento de hogares, citing Marcos 2023","The Argentine source for this claim, and the only one. Everything else supporting it comes from Kibera, Nairobi, or Port-au-Prince. Adjoining rooms with independent street exits that share food expenses is the footprint-to-household problem stated in Argentine census terms.","It quantifies nothing. The authors state explicitly that the consequences are hard to quantify. / It concerns the identification of households within dwellings, not the omission of whole dwellings or buildings from the census frame. / The effect is concentrated in CABA, which is the one jurisdiction where footprint counts fall below the RENABAP registry. It does not transfer to horizontal settlements elsewhere. / The quotes are recorded from a page summary rather than from the article, so none should be printed in the manuscript before someone opens it.",high,verified_secondary,10.24215/18537863e156,,"Quotes arrived through a page summary with a 125-character cap, so they are fragments rather than full sentences. Open the article, confirm each one in context, and transcribe Cuadro 2, which tabulates the enumeration criteria for rental rooms across the 1970 to 2022 censuses."
scialabba2025,census-net-omission-small-but-nonzero,qualifies,mechanism_evidence|direct_analogue,peer_reviewed,independent_analysis,Argentina,dwelling|household|family,,Informal room rentals in dwellings and tenements are concealed by landlords during the census operation; Difficulties identifying rental-room dwellings result in an underestimation of households; In later censuses the problem became the hidden informal room-rental market in the densest villas,"Results, subsection Empadronamiento de hogares; Results, subsection Empadronamiento de hogares; Results, subsection Empadronamiento de hogares","Names a specific, documented mechanism by which Argentine census household counts run low, and locates it in the densest villas. The authors decline to quantify it, so it qualifies the national figure rather than contradicting it.","It quantifies nothing. The authors state explicitly that the consequences are hard to quantify. / It concerns the identification of households within dwellings, not the omission of whole dwellings or buildings from the census frame. / The effect is concentrated in CABA, which is the one jurisdiction where footprint counts fall below the RENABAP registry. It does not transfer to horizontal settlements elsewhere. / The quotes are recorded from a page summary rather than from the article, so none should be printed in the manuscript before someone opens it.",high,verified_secondary,10.24215/18537863e156,,"Quotes arrived through a page summary with a 125-character cap, so they are fragments rather than full sentences. Open the article, confirm each one in context, and transcribe Cuadro 2, which tabulates the enumeration criteria for rental rooms across the 1970 to 2022 censuses."
scialabba2025,renabap-indec-not-independent,qualifies,mechanism_evidence|direct_analogue,peer_reviewed,independent_analysis,Argentina,dwelling|household|family,,Enumeration criteria for rental rooms differed across the 1970 to 2022 censuses,Cuadro 2,"The household definition itself moved between censuses, so a RENABAP-to-INDEC comparison is comparing against a criterion that has not been stable.","It quantifies nothing. The authors state explicitly that the consequences are hard to quantify. / It concerns the identification of households within dwellings, not the omission of whole dwellings or buildings from the census frame. / The effect is concentrated in CABA, which is the one jurisdiction where footprint counts fall below the RENABAP registry. It does not transfer to horizontal settlements elsewhere. / The quotes are recorded from a page summary rather than from the article, so none should be printed in the manuscript before someone opens it.",medium,verified_secondary,10.24215/18537863e156,,"Quotes arrived through a page summary with a 125-character cap, so they are fragments rather than full sentences. Open the article, confirm each one in context, and transcribe Cuadro 2, which tabulates the enumeration criteria for rental rooms across the 1970 to 2022 censuses."
scialabba2025,territorial-coverage-is-not-population-coverage,supports,mechanism_evidence|direct_analogue,peer_reviewed,independent_analysis,Argentina,dwelling|household|family,,Informal room rentals in dwellings and tenements are concealed by landlords during the census operation,"Results, subsection Empadronamiento de hogares","A dwelling an enumerator reaches can still hide households inside it, so completing a segment is not the same as counting its residents.","It quantifies nothing. The authors state explicitly that the consequences are hard to quantify. / It concerns the identification of households within dwellings, not the omission of whole dwellings or buildings from the census frame. / The effect is concentrated in CABA, which is the one jurisdiction where footprint counts fall below the RENABAP registry. It does not transfer to horizontal settlements elsewhere. / The quotes are recorded from a page summary rather than from the article, so none should be printed in the manuscript before someone opens it.",medium,verified_secondary,10.24215/18537863e156,,"Quotes arrived through a page summary with a 125-character cap, so they are fragments rather than full sentences. Open the article, confirm each one in context, and transcribe Cuadro 2, which tabulates the enumeration criteria for rental rooms across the 1970 to 2022 censuses."
sirko2021,no-single-provider-complete,supports,method_validation,preprint,remote_sensing,Africa,building,,Continental-scale building detection applies a deep learning model to high-resolution satellite imagery; VIDA distributes Google output already filtered to footprints with confidence at or above 0.65,,"Model-derived footprints fail in correlated ways across similar morphology, so a detection shortfall in one dense settlement predicts a shortfall in the next. Provenance is why the errors are not independent.","It reports model performance, not dwelling or household counts. / It does not report Argentine detection accuracy, nor accuracy stratified by informal versus formal morphology. / It is an arXiv preprint describing one of three inputs to the VIDA union, so it does not characterise the union this project actually uses.",medium,verified_secondary,10.48550/arXiv.2107.12283,,"Locate the reported detection performance and the confidence-score definition in the preprint, and record the section."
sirko2021,missing-footprints-push-estimates-down,supports,method_validation,preprint,remote_sensing,Africa,building,,VIDA distributes Google output already filtered to footprints with confidence at or above 0.65,,"A confidence threshold removes false positives and cannot recover false negatives, so the filter the data ships with biases counts downward.","It reports model performance, not dwelling or household counts. / It does not report Argentine detection accuracy, nor accuracy stratified by informal versus formal morphology. / It is an arXiv preprint describing one of three inputs to the VIDA union, so it does not characterise the union this project actually uses.",medium,verified_secondary,10.48550/arXiv.2107.12283,,"Locate the reported detection performance and the confidence-score definition in the preprint, and record the section."
sisu2023,renabap-indec-not-independent,supports,mechanism_evidence|method_validation,primary_official,administrative_registry,Argentina,dwelling|family|settlement,,"Approximate occupied dwellings per barrio are adjusted from three complementary sources; The operative phrases naming those three sources; Later family surveys run house to house through the social organizations already identified; RENABAP coordination conducts house-to-house family surveys in every barrio, continuing to adjust dwellings, boundaries, and the urban diagnosis; Annex IV explains how fieldworkers identify barrio referentes",p. 24; p. 24; p. 24 onward; p. 24 onward; Annex IV,"The documented half of the claim. RENABAP formally builds its dwelling and family estimates on community referentes, territorial fieldwork, and social organizations. Pair it with clarin2022villas, which shows the same categories of intermediary running the CABA census operation.","It does not state how the three sources are weighted, so the contribution of the satellite count to any published figure is unknown. / It does not establish that INDEC used RENABAP figures, the same questionnaire, or the same database. / It documents procedure rather than compliance. The manual does not show that every barrio received the house-to-house survey stage. / It gives no coverage or omission rate for the registry.",high,verified_full_text,,https://www.argentina.gob.ar/sites/default/files/manual-para-la-conformacion-y-actualizacion-del-renabap.pdf,"Record the manual's publication year, issuing office, edition, and page range from the PDF title and colophon pages. Preserve page-level excerpts in the Zotero note so the evidentiary chain stays auditable."
sisu2023,footprints-contain-population-information,supports,mechanism_evidence|method_validation,primary_official,administrative_registry,Argentina,dwelling|family|settlement,,Approximate occupied dwellings per barrio are adjusted from three complementary sources; The operative phrases naming those three sources,p. 24; p. 24,"An institutional endorsement rather than a study. The registry's own administrator counts dwellings from satellite imagery as one of three converging sources, so the method Barrios Visibles uses is already inside RENABAP's procedure.","It does not state how the three sources are weighted, so the contribution of the satellite count to any published figure is unknown. / It does not establish that INDEC used RENABAP figures, the same questionnaire, or the same database. / It documents procedure rather than compliance. The manual does not show that every barrio received the house-to-house survey stage. / It gives no coverage or omission rate for the registry.",high,verified_full_text,,https://www.argentina.gob.ar/sites/default/files/manual-para-la-conformacion-y-actualizacion-del-renabap.pdf,"Record the manual's publication year, issuing office, edition, and page range from the PDF title and colophon pages. Preserve page-level excerpts in the Zotero note so the evidentiary chain stays auditable."
sneep2022,census-net-omission-small-but-nonzero,qualifies,method_validation,primary_official,administrative_registry,Argentina,resident,,"Official year-end prison total of 105,053 against roughly 107,000 implied by the census",,A genuine independent cross-check that the census passes. It weighs against a massive prison undercount while leaving other institutional populations untested.,"The reference dates differ, so the comparison is approximate. / It tests prisons only. Other collective dwellings remain unchecked. / An administrative register is itself a count with its own coverage properties, not ground truth.",medium,verified_secondary,,https://bibliodnpc.jus.gob.ar/VerColeccion/64666fcb6d9b6,Record the exact year-end total and its reference date from the SNEEP report.
statssa2022pes,latin-american-omission-range-includes-six-percent,qualifies,caution|direct_analogue,primary_official,post_enumeration_survey,South Africa,resident|household,,Net person undercount of 31.06 percent and household undercount of 30.49 percent,,"An extreme modern upper bound rather than a comparator. It shows the range is wide and must not be used to normalise the Argentine figure, because the methodology is contested.","The methodology and the adjusted results are heavily disputed. See moultrie2024. / South Africa is outside Latin America, so it does not speak to the regional range. / A 31 percent net undercount is so far from the Argentine case that using it as support would weaken the argument rather than strengthen it.",low,verified_secondary,,https://www.statssa.gov.za/publications/P03015/P030152022.pdf,Read alongside moultrie2024 before any use. The methodology and the adjusted results are heavily disputed.
tacla2006,latin-american-omission-range-includes-six-percent,qualifies,context,review,demographic_reconciliation,Colombia|Guatemala|Venezuela,national,,"Repeated national omission estimates above 7 to 15 percent across Latin America between 1950 and 2000; Colombia 13.9 percent in 1970 and 11.3 percent in 1990, Guatemala 15.6 percent in 1980 and 14.5 percent in 1990, Venezuela 8.9 percent in 1990 and 7.5 percent in 2001",,"Labelled by method. These are principally indirect demographic estimates and historical comparisons, not post-enumeration surveys, so they set historical context rather than a measured benchmark.","These are principally indirect demographic estimates and historical comparisons, not all direct post-enumeration surveys. / The record covers 1950 to 2000, so it predates every census Barrios Visibles examines. / It does not state that Argentina never ran a post-enumeration survey. It states that the figures in its own table are indirect, and that the 1980 round appears to lack a direct evaluation. / Cuadro 1 was read through pdftotext, which scrambles the column order. The Argentine values should be confirmed against the rendered page before publication. / The publication year and series number are not recorded.",medium,verified_secondary,,https://repositorio.cepal.org/server/api/core/bitstreams/75308871-335d-4008-b768-2630150b15b5/content,"Confirm the Cuadro 1 row for Argentina against the rendered page. pdftotext scrambles the table columns, so the values were read by position."
tacla2006,net-accuracy-differs-from-complete-enumeration,supports,context,review,demographic_reconciliation,Colombia|Guatemala|Venezuela,national,,Repeated national omission estimates above 7 to 15 percent across Latin America between 1950 and 2000,,The review's own emphasis is that national averages conceal much larger geographic differences.,"These are principally indirect demographic estimates and historical comparisons, not all direct post-enumeration surveys. / The record covers 1950 to 2000, so it predates every census Barrios Visibles examines. / It does not state that Argentina never ran a post-enumeration survey. It states that the figures in its own table are indirect, and that the 1980 round appears to lack a direct evaluation. / Cuadro 1 was read through pdftotext, which scrambles the column order. The Argentine values should be confirmed against the rendered page before publication. / The publication year and series number are not recorded.",medium,verified_secondary,,https://repositorio.cepal.org/server/api/core/bitstreams/75308871-335d-4008-b768-2630150b15b5/content,"Confirm the Cuadro 1 row for Argentina against the rendered page. pdftotext scrambles the table columns, so the values were read by position."
tacla2006,no-independent-pes-limits-verification,supports,context,review,demographic_reconciliation,Colombia|Guatemala|Venezuela,national,,"Every omission figure in Cuadro 1 is an indirect evaluation, not a post-enumeration survey; Argentina's recorded omission runs 1.4, 3.3, 2.8, 1.1, 1.1, and 2.8 percent across the 1950 to 2000 rounds; Argentina's 1980 census was apparently not evaluated for omission by a direct method; An earlier Argentine coverage evaluation was attempted and abandoned before the record matching finished","Cuadro 1 source line, p. 20; Cuadro 1, p. 20; COTA 1980 round section; COTA 1970 round section","The decisive source for the Argentine case. Every figure in the regional table is an indirect evaluation, the 1980 round was apparently never evaluated by a direct method, and an earlier attempt was abandoned before the record matching finished. Together with the 2001 survey being withheld and no survey run for 2010 or 2022, no published Argentine post-enumeration survey result exists in the modern series. Saying results have not been published ""since 1991"" overstates what was ever published.","These are principally indirect demographic estimates and historical comparisons, not all direct post-enumeration surveys. / The record covers 1950 to 2000, so it predates every census Barrios Visibles examines. / It does not state that Argentina never ran a post-enumeration survey. It states that the figures in its own table are indirect, and that the 1980 round appears to lack a direct evaluation. / Cuadro 1 was read through pdftotext, which scrambles the column order. The Argentine values should be confirmed against the rendered page before publication. / The publication year and series number are not recorded.",high,verified_secondary,,https://repositorio.cepal.org/server/api/core/bitstreams/75308871-335d-4008-b768-2630150b15b5/content,"Confirm the Cuadro 1 row for Argentina against the rendered page. pdftotext scrambles the table columns, so the values were read by position."
tejidourbano2025,local-processing-loss-documented,supports,direct_analogue,independent_research,independent_analysis,Argentina,census_area|resident,,"Published population for Villa 1-11-14 fell from 28,259 in 2010 to 6,868 in 2022, about 76 percent; Tejido Urbano checked the decline radio by radio, found it throughout the settlement, and excluded the 2022 values as unreliable",,"Independent corroboration of the IDECBA finding, reached from published tract data rather than operational sheets. Two analyses using different inputs point to the same failure in the same barrio. The geographic units and totals differ, so the figures are not interchangeable.","It works from final tract data, so it detects the anomaly without establishing its cause. / The geographic units and totals are not identical to IDECBA's, so 6,868 and 3,640 cannot be compared directly. / Excluding an implausible value is a defensible analytical choice and not itself a measurement of omission.",medium,verified_secondary,,https://tejidourbano.org.ar/informes/radiografia-del-crecimiento-de-villas-y-barrios-populares-de-la-ciudad-autonoma-de-buenos-aires-2010-2022/,"Publication year confirmed as 2025 (published 30 April 2025). Reconcile the 6,868 figure with IDECBA's 3,640 for the same barrio, which use different geographic units."
tejidourbano2025,informal-population-underrepresentation,supports,direct_analogue,independent_research,independent_analysis,Argentina,census_area|resident,,"Published population for Villa 1-11-14 fell from 28,259 in 2010 to 6,868 in 2022, about 76 percent",,,"It works from final tract data, so it detects the anomaly without establishing its cause. / The geographic units and totals are not identical to IDECBA's, so 6,868 and 3,640 cannot be compared directly. / Excluding an implausible value is a defensible analytical choice and not itself a measurement of omission.",medium,verified_secondary,,https://tejidourbano.org.ar/informes/radiografia-del-crecimiento-de-villas-y-barrios-populares-de-la-ciudad-autonoma-de-buenos-aires-2010-2022/,"Publication year confirmed as 2025 (published 30 April 2025). Reconcile the 6,868 figure with IDECBA's 3,640 for the same barrio, which use different geographic units."
thomson2020,informal-population-underrepresentation,context_only,context,peer_reviewed,literature_review,,settlement|census_area,,Census and household-survey aggregation measures household deprivation but often lacks current neighborhood geography.,,Census and household-survey aggregation measures household deprivation but often lacks current neighbourhood geography.,It supplies no direct population-undercoverage rate.,medium,verified_full_text,10.3390/socsci9050080,,Locate the four-approach comparison on the page.
thomson2020,footprints-contain-population-information,context_only,context,peer_reviewed,literature_review,,settlement|census_area,,"Image interpretation and machine learning capture morphology but cannot observe every social condition.; Proposes integrating official, community, field, and Earth-observation evidence.",,"Argues for integrating official, community, field, and Earth-observation evidence rather than relying on any one.",It supplies no direct population-undercoverage rate.,medium,verified_full_text,10.3390/socsci9050080,,Locate the four-approach comparison on the page.
thomson2021,informal-population-underrepresentation,supports,direct_analogue|method_precedent,peer_reviewed,modeled_population_product,Nigeria|Kenya,settlement|grid_cell|building,118 settlements across three cities,Nine gridded population products compared with community field-referenced boundaries and population estimates; Every product substantially underestimated the reference populations; Best-performing product HRSL captured only 39 percent of the community-derived population on average; In Lagos gridded products placed 1.02 to 2.96 percent of population in mapped slum areas against 56 percent by survey method,Methods and product descriptions around p. 9; pp. 12-14; pp. 12-14; pp. 12-14,"Strongest multi-settlement empirical evidence in the registry. The deficit holds across all nine products and all three cities.
","It does not directly audit a national census. The tested products are census-derived, so the measured error mixes census input error with spatial allocation and model error. / It does not validate an Argentine effect size, nor the 1.1 multiplier in Argentina. / Know Your City reference estimates were not independently verified. Sampling procedures were incompletely documented and some questionable large estimates were excluded.",high,verified_full_text,10.3390/urbansci5020048,https://www.mdpi.com/2413-8851/5/2/48,"Check the 39 percent figure against the exact table and performance metric, as the census-coverage notes require. The citation conflict is resolved: the Zotero record gives Urban Science 5(2):48, and the IJGI 10(6):381 link in those notes is an error."
thomson2021,national-total-conceals-geographic-error,supports,direct_analogue|method_precedent,peer_reviewed,modeled_population_product,Nigeria|Kenya,settlement|grid_cell|building,,In Lagos gridded products placed 1.02 to 2.96 percent of population in mapped slum areas against 56 percent by survey method,pp. 12-14,"Lagos is the sharpest case. The products place almost no population in mapped slum areas while the city total stays plausible.
","It does not directly audit a national census. The tested products are census-derived, so the measured error mixes census input error with spatial allocation and model error. / It does not validate an Argentine effect size, nor the 1.1 multiplier in Argentina. / Know Your City reference estimates were not independently verified. Sampling procedures were incompletely documented and some questionable large estimates were excluded.",high,verified_full_text,10.3390/urbansci5020048,https://www.mdpi.com/2413-8851/5/2/48,"Check the 39 percent figure against the exact table and performance metric, as the census-coverage notes require. The citation conflict is resolved: the Zotero record gives Urban Science 5(2):48, and the IJGI 10(6):381 link in those notes is an error."
thomson2021,footprint-not-one-household,supports,direct_analogue|method_precedent,peer_reviewed,modeled_population_product,Nigeria|Kenya,settlement|grid_cell|building,,Contiguous roofs can be extracted as a single building and multiple one-room dwellings within a building are common; WorldPop Peanut Butter footprint models used a default of 1.1 households per building in Nigeria and Kenya,discussion and limitations pp. 14-18; Methods and product descriptions around p. 9,"Also establishes that a 1.1 households-per-building multiplier is in use outside RENABAP and was not invented for this analysis.
","It does not directly audit a national census. The tested products are census-derived, so the measured error mixes census input error with spatial allocation and model error. / It does not validate an Argentine effect size, nor the 1.1 multiplier in Argentina. / Know Your City reference estimates were not independently verified. Sampling procedures were incompletely documented and some questionable large estimates were excluded.",high,verified_full_text,10.3390/urbansci5020048,https://www.mdpi.com/2413-8851/5/2/48,"Check the 39 percent figure against the exact table and performance metric, as the census-coverage notes require. The citation conflict is resolved: the Zotero record gives Urban Science 5(2):48, and the IJGI 10(6):381 link in those notes is an error."
thomson2021,footprints-contain-population-information,qualifies,direct_analogue|method_precedent,peer_reviewed,modeled_population_product,Nigeria|Kenya,settlement|grid_cell|building,,"Slum-specific variation in household size, households per building, and residential-building share are major model error sources; Gridded products used urban defaults of 63 to 71 percent residential buildings, unverified against slum data",discussion and limitations pp. 14-18,"Citywide household-size and building-occupancy averages fail inside informal settlements, so footprint methods need local calibration.
","It does not directly audit a national census. The tested products are census-derived, so the measured error mixes census input error with spatial allocation and model error. / It does not validate an Argentine effect size, nor the 1.1 multiplier in Argentina. / Know Your City reference estimates were not independently verified. Sampling procedures were incompletely documented and some questionable large estimates were excluded.",medium,verified_full_text,10.3390/urbansci5020048,https://www.mdpi.com/2413-8851/5/2/48,"Check the 39 percent figure against the exact table and performance metric, as the census-coverage notes require. The citation conflict is resolved: the Zotero record gives Urban Science 5(2):48, and the IJGI 10(6):381 link in those notes is an error."
uscensus2022coverage,net-accuracy-differs-from-complete-enumeration,supports,mechanism_evidence,primary_official,post_enumeration_survey,United States,resident|national,,Post-enumeration survey estimated 18.8 million omissions while national net coverage error was not statistically significant,,The clearest single demonstration in the registry that a close national total and a complete count are different claims. 18.8 million omissions coexist with no statistically significant net error.,"The United States is outside the Latin American comparison set. / It establishes the conceptual distinction and gives no Argentine figure. / The offsetting erroneous enumerations are what make net error small, so the case cannot be used to argue that omissions were hidden rather than offset.",high,verified_secondary,,https://www.census.gov/newsroom/press-kits/2022/2020-census-coverage-estimates.html,"Record the specific coverage-estimate table behind the 18.8 million omissions figure, and the Census Bureau's definition of an omission."
uscensus2022coverage,imputation-is-not-enumeration,context_only,mechanism_evidence,primary_official,post_enumeration_survey,United States,resident|national,,Post-enumeration survey estimated 18.8 million omissions while national net coverage error was not statistically significant,,,"The United States is outside the Latin American comparison set. / It establishes the conceptual distinction and gives no Argentine figure. / The offsetting erroneous enumerations are what make net error small, so the case cannot be used to argue that omissions were hidden rather than offset.",medium,verified_secondary,,https://www.census.gov/newsroom/press-kits/2022/2020-census-coverage-estimates.html,"Record the specific coverage-estimate table behind the 18.8 million omissions figure, and the Census Bureau's definition of an omission."
vanhuysse2024,footprint-not-one-household,supports,mechanism_evidence|method_validation,peer_reviewed,remote_sensing,Kenya,building|dwelling,,"Describes Nairobi housing ranging to multi-story tenements divided into multiple rental units.; Describes Kisumu compounds composed of multiple residential units occupying a single plot, with plot coverage reaching approximately 80% near the center.","Case studies in §3, manuscript pp. 6–7; EO results in §4; synthesis in §5; Case studies in §3, manuscript pp. 6–7; EO results in §4; synthesis in §5","Multi-story tenements divided into rental units, and Kisumu compounds of multiple residential units on one plot with coverage near 80 percent.","It does not estimate population, occupancy, dwellings per footprint, or census undercount. / A plot is not necessarily equivalent to one detected footprint.",medium,verified_full_text,10.1007/978-3-031-49183-2_7,,
vanhuysse2024,footprints-contain-population-information,supports,mechanism_evidence|method_validation,peer_reviewed,remote_sensing,Kenya,building|dwelling,,"Shows that open building footprints, while imperfect in deprived areas, add substantial morphological information beyond Sentinel-1/2 imagery.","Case studies in §3, manuscript pp. 6–7; EO results in §4; synthesis in §5",Open footprints add substantial morphological information beyond Sentinel imagery even where they are imperfect.,"It does not estimate population, occupancy, dwellings per footprint, or census undercount. / A plot is not necessarily equivalent to one detected footprint.",medium,verified_full_text,10.1007/978-3-031-49183-2_7,,
veljanovski2012,footprint-not-one-household,supports,caution|mechanism_evidence,peer_reviewed,remote_sensing,Kenya,building|roof|resident,,"In Raila, the same typical 32 m² structure corresponded to assumptions ranging from 3.04 to 12.48 people.",,The same typical 32 square metre structure corresponds to between 3.04 and 12.48 people depending on which published density assumption is used.,"The paper does not validate a preferred occupancy assumption. / Residential-use assumptions can be wrong, and the total range is intentionally broad.",medium,verified_full_text,10.5772/37869,,Locate the residential-area estimate and the density scenarios on the page.
veljanovski2012,missing-footprints-push-estimates-down,supports,caution|mechanism_evidence,peer_reviewed,remote_sensing,Kenya,building|roof|resident,,Dense and merged roofs prevented reliable extraction of individual buildings even with VHR imagery.,,Dense and merged roofs prevented reliable extraction of individual buildings even from very high resolution imagery.,"The paper does not validate a preferred occupancy assumption. / Residential-use assumptions can be wrong, and the total range is intentionally broad.",medium,verified_full_text,10.5772/37869,,Locate the residential-area estimate and the density scenarios on the page.
veljanovski2012,footprints-contain-population-information,qualifies,caution|mechanism_evidence,peer_reviewed,remote_sensing,Kenya,building|roof|resident,,"Population scenarios based on published density assumptions ranged from 156,652 to 642,284, compared with a reported 2009 census population of 170,070.",,"The decisive caution for this project. Population scenarios from published density assumptions span 156,652 to 642,284 for Kibera against a reported census population of 170,070. The multiplier, not the imagery, dominates the answer.","The paper does not validate a preferred occupancy assumption. / Residential-use assumptions can be wrong, and the total range is intentionally broad.",high,verified_full_text,10.5772/37869,,Locate the residential-area estimate and the density scenarios on the page.
wang2022,no-single-provider-complete,qualifies,method_validation|caution,peer_reviewed,remote_sensing,,building,,Finds that incomplete or suboptimal open building maps can still provide substantial knowledge about urban morphology.,,"Incomplete or suboptimal open building maps still provide substantial knowledge about urban morphology, so incompleteness is not disqualifying.",It does not validate building counts as dwelling counts or estimate population.,medium,verified_full_text,10.1016/j.compenvurbsys.2022.101831,,Locate both findings on the page.
wang2022,missing-footprints-push-estimates-down,supports,method_validation|caution,peer_reviewed,remote_sensing,,building,,Warns that footprint omissions and errors propagate into downstream metrics.,,Footprint omissions and errors propagate into downstream metrics.,It does not validate building counts as dwelling counts or estimate population.,medium,verified_full_text,10.1016/j.compenvurbsys.2022.101831,,Locate both findings on the page.
